symbol,how,n_uniprot,n_go_direct,n_slim_bits
AAAS,approved,1,14,11
AAMP,approved,1,9,4
AAR2,approved,1,6,4
AARS,alias->AARS1,1,25,12
AARS2,approved,1,16,10
AASDHPPT,approved,1,8,7
AATF,approved,1,14,8
ABCB10,approved,1,20,11
ABCB7,approved,1,24,8
ABCD1,approved,1,50,16
ABCE1,approved,1,21,10
ABCF1,approved,1,12,10
ABCG1,approved,1,48,17
ABHD11,approved,1,7,5
ABHD17A,approved,1,19,8
ABT1,approved,1,14,9
AC118549.1,unmapped,0,0,0
ACD,approved,1,23,8
ACIN1,approved,1,17,12
ACLY,approved,1,23,11
ACOT12,approved,1,13,7
ACSS2,approved,1,18,14
ACTB,approved,1,95,27
ACTL6A,approved,1,52,13
ACTR10,approved,1,12,11
ACTR1A,approved,1,13,8
ACTR1B,approved,1,14,8
ACTR2,approved,1,24,15
ACTR3,approved,1,22,12
ACTR5,approved,1,17,9
ACTR6,approved,1,12,9
ACTR8,approved,1,20,10
ADAM10,approved,1,64,18
ADAT2,approved,1,12,10
ADAT3,approved,1,9,8
ADNP,approved,1,34,15
ADNP2,approved,1,8,7
ADRM1,approved,1,21,12
ADSL,approved,1,19,6
AFG3L2,approved,1,24,11
AGBL5,approved,1,12,8
AGO1,approved,1,28,10
AHCTF1,approved,1,16,9
AHCY,approved,1,9,13
AIFM1,approved,1,35,12
AKAP1,approved,1,10,7
AKIRIN1,approved,1,12,8
AKIRIN2,approved,1,23,11
AKT2,approved,1,38,14
ALDOA,approved,1,35,18
ALG1,approved,1,10,6
ALG11,approved,1,8,6
ALG12,approved,1,11,8
ALG13,approved,1,8,6
ALG14,approved,1,7,5
ALG1L,alias->ALG1L1P,0,0,0
ALG2,approved,1,12,6
ALYREF,approved,1,21,11
ANAPC1,approved,1,13,7
ANAPC10,approved,1,14,9
ANAPC11,approved,1,25,10
ANAPC13,approved,1,10,3
ANAPC15,approved,1,12,5
ANAPC2,approved,1,19,6
ANAPC4,approved,1,16,8
ANAPC5,approved,1,14,6
ANKLE2,approved,1,14,7
ANKRD11,approved,1,8,5
ANKRD17,approved,1,18,7
ANKRD39,approved,1,3,0
ANKRD49,approved,1,3,3
ANKRD52,approved,1,1,0
ANKS6,approved,1,3,2
ANKZF1,approved,1,10,5
ANLN,approved,1,18,11
ANP32B,approved,1,13,7
AP2A1,approved,1,29,12
AP2A2,approved,1,29,10
AP2M1,approved,1,36,13
AP2S1,approved,1,23,11
API5,approved,1,9,4
AQP7,approved,1,16,6
AQR,approved,1,17,10
ARCN1,approved,1,19,9
ARF4,approved,1,32,19
ARFRP1,approved,1,13,10
ARGFX,approved,1,8,6
ARGLU1,approved,1,11,8
ARHGAP11B,approved,1,9,7
ARHGAP6,approved,1,14,7
ARID3A,approved,1,12,7
ARID5B,approved,1,14,9
ARIH1,approved,1,24,9
ARL14EP,approved,1,3,1
ARL2,approved,1,26,17
ARL4D,approved,1,10,9
ARL6IP6,approved,1,2,3
ARMC6,approved,1,2,3
ARMC7,approved,1,4,4
ARPC1B,approved,1,16,8
ARPC2,approved,1,30,15
ARPC3,approved,1,20,10
ARPC4,approved,1,15,11
ARRB2,approved,1,54,12
ASCC2,approved,1,16,10
ASCC3,approved,1,20,15
ASF1B,approved,1,13,11
ATF4,approved,1,80,18
ATF5,approved,1,31,13
ATIC,approved,1,19,10
ATL2,approved,1,12,7
ATP11B,approved,1,25,17
ATP1A1,approved,1,51,18
ATP2A2,approved,1,39,14
ATP5F1A,approved,1,33,15
ATP5F1B,approved,1,29,15
ATP5F1C,approved,1,13,11
ATP5MD,alias->ATP5MK,1,5,4
ATP5ME,approved,1,11,9
ATP5MF,approved,1,7,9
ATP5PD,approved,1,9,9
ATP5PO,approved,1,18,14
ATP6AP1,approved,1,34,16
ATP6AP2,approved,1,39,16
ATP6V0B,approved,1,22,10
ATP6V0C,approved,1,36,17
ATP6V0D1,approved,1,29,15
ATP6V1A,approved,1,41,19
ATP6V1B2,approved,1,23,14
ATP6V1C1,approved,1,18,11
ATP6V1D,approved,1,31,18
ATP6V1E1,approved,1,19,12
ATP6V1F,approved,1,25,13
ATP6V1G1,approved,1,20,11
ATP6V1H,approved,1,24,16
ATR,approved,1,47,15
ATRIP,approved,1,8,5
ATXN10,approved,1,17,9
AURKA,approved,1,55,19
AURKAIP1,approved,1,9,6
AURKB,approved,1,61,19
BAG6,approved,1,47,18
BANF1,approved,1,23,11
BANP,approved,1,9,5
BAP1,approved,1,41,17
BARD1,approved,1,41,15
BCAR1,approved,1,32,7
BCAS2,approved,1,18,7
BCKDK,approved,1,23,9
BCL2L1,approved,1,44,14
BCL6,approved,1,38,8
BCL7C,approved,1,15,6
BCLAF1,approved,1,17,8
BCR,approved,1,30,14
BCS1L,approved,1,11,8
BDP1,approved,1,7,7
BET1,approved,1,14,7
BGLAP,approved,1,53,14
BIRC5,approved,1,36,15
BMP2K,approved,1,13,7
BMS1,approved,1,15,10
BNIP1,approved,1,23,12
BOD1L1,approved,1,6,5
BOP1,approved,1,22,8
BORA,approved,1,9,4
BPTF,approved,1,22,13
BRCA1,approved,1,78,25
BRCA2,approved,1,41,23
BRD1,approved,1,21,10
BRD2,approved,1,21,13
BRD4,approved,1,34,14
BRD8,approved,1,16,8
BRF1,approved,1,14,8
BRF2,approved,1,15,9
BRIP1,approved,1,24,17
BRIX1,approved,1,7,7
BRK1,approved,1,17,7
BRPF1,approved,1,18,11
BTAF1,approved,1,10,10
BTF3,approved,1,7,4
BTF3L4,approved,1,1,0
BUB1,approved,1,18,11
BUB1B,approved,1,17,11
BUB3,approved,1,11,8
BUD13,approved,1,13,6
BUD23,approved,1,16,10
BUD31,approved,1,13,7
BYSL,approved,1,14,8
C12orf45,alias->NOPCHAP1,1,4,3
C12orf60,approved,1,1,0
C14orf178,alias->SLIRP-OT1,1,0,0
C16orf86,approved,1,0,0
C17orf58,approved,1,1,3
C18orf21,unmapped,0,0,0
C19orf25,approved,1,1,0
C19orf53,approved,1,0,0
C1D,approved,1,15,9
C1QBP,approved,1,46,15
C1QTNF4,approved,1,6,1
C1orf109,alias->AIRIM,1,10,7
C1orf131,alias->FSAF1,1,6,6
C5orf22,approved,1,1,0
C5orf30,alias->MACIR,1,9,4
C6orf15,approved,1,1,0
C7orf26,alias->INTS15,1,7,6
C7orf50,alias->CHLSN,1,6,5
C9orf16,alias->BBLN,1,9,4
C9orf78,approved,1,9,6
CA5A,approved,1,5,4
CABIN1,approved,1,13,9
CACNB3,approved,1,18,6
CACTIN,approved,1,25,6
CAD,approved,1,54,14
CADM4,approved,1,22,6
CALR,approved,1,87,31
CAMLG,approved,1,15,5
CAND1,approved,1,19,9
CAP1,approved,1,20,13
CAPRIN2,approved,1,13,6
CAPZB,approved,1,22,6
CARF,approved,1,10,5
CARM1,approved,1,27,14
CARS,alias->CARS1,1,12,7
CASC3,approved,1,28,8
CASP8AP2,approved,1,17,9
CAST,approved,1,12,7
CAT,approved,1,54,13
CBFA2T3,approved,1,15,10
CBLL1,approved,1,18,9
CBLN1,approved,1,24,10
CBX1,approved,1,19,7
CCAR1,approved,1,16,9
CCDC112,approved,1,2,3
CCDC115,alias->VMA22,1,18,9
CCDC130,alias->YJU2B,1,7,3
CCDC137,approved,1,6,6
CCDC144A,approved,1,1,0
CCDC144NL,approved,1,0,0
CCDC174,approved,1,3,3
CCDC59,approved,1,4,4
CCDC6,approved,1,9,5
CCDC78,approved,1,8,10
CCDC84,alias->CENATAC,1,10,7
CCDC86,approved,1,8,9
CCNA2,approved,1,35,10
CCNB1,approved,1,44,17
CCNC,approved,1,12,5
CCND1,approved,1,51,18
CCND3,approved,1,16,11
CCNH,approved,1,17,10
CCNK,approved,1,22,9
CCNL1,approved,1,14,5
CCNQ,approved,1,6,4
CCP110,approved,1,13,7
CCT2,approved,1,22,14
CCT3,approved,1,19,11
CCT4,approved,1,21,13
CCT5,approved,1,22,13
CCT6A,approved,1,18,11
CCT7,approved,1,17,10
CCT8,approved,1,23,14
CD2BP2,approved,1,11,6
CD3EAP,alias->POLR1G,1,16,8
CD8B,approved,1,13,8
CDAN1,approved,1,10,6
CDC123,approved,1,7,4
CDC16,approved,1,19,8
CDC20,approved,1,30,13
CDC23,approved,1,21,12
CDC26,approved,1,12,5
CDC27,approved,1,20,9
CDC37,approved,1,21,6
CDC40,approved,1,13,6
CDC42,approved,1,85,26
CDC45,approved,1,16,16
CDC5L,approved,1,26,11
CDC6,approved,1,25,8
CDC7,approved,1,21,11
CDC73,approved,1,23,9
CDCA5,approved,1,12,6
CDCA8,approved,1,23,12
CDIPT,approved,1,14,8
CDK1,approved,1,81,26
CDK11A,approved,1,26,12
CDK12,approved,1,24,8
CDK2,approved,1,54,21
CDK6,approved,1,46,13
CDK7,approved,1,29,14
CDK8,approved,1,15,8
CDK9,approved,1,45,13
CDT1,approved,1,20,11
CEBPG,approved,1,28,13
CEBPZ,approved,1,7,6
CENPA,approved,1,22,15
CENPC,approved,1,17,10
CENPE,approved,1,35,16
CENPH,approved,1,12,9
CENPI,approved,1,12,11
CENPJ,alias->CPAP,1,31,11
CENPK,approved,1,8,7
CENPN,approved,1,6,8
CENPP,approved,1,8,8
CENPT,approved,1,14,9
CENPW,approved,1,15,10
CEP152,approved,1,14,9
CEP192,approved,1,16,10
CEP68,approved,1,7,4
CEP85,approved,1,14,8
CEP97,approved,1,8,5
CFDP1,approved,1,8,7
CFL1,approved,1,77,16
CHAF1A,approved,1,12,7
CHAF1B,approved,1,12,8
CHCHD1,approved,1,10,8
CHCHD2,approved,1,12,6
CHCHD3,approved,1,15,7
CHCHD4,approved,1,8,8
CHD3,approved,1,28,18
CHD4,approved,1,37,18
CHD6,approved,1,15,12
CHEK1,approved,1,37,17
CHERP,approved,1,16,7
CHKB,approved,1,6,4
CHMP1A,approved,1,54,28
CHMP2A,approved,1,54,24
CHMP3,approved,1,55,25
CHMP4B,approved,1,55,24
CHMP5,approved,1,44,22
CHMP6,approved,1,44,23
CHMP7,approved,1,42,22
CHORDC1,approved,1,10,3
CHTF18,approved,1,12,11
CHTF8,approved,1,9,9
CHTOP,approved,1,12,8
CIAO1,approved,1,7,4
CIAPIN1,approved,1,17,8
CINP,approved,1,7,4
CKAP5,approved,1,31,14
CLASRP,approved,1,4,4
CLCC1,approved,1,9,4
CLCN6,approved,1,15,8
CLK2,approved,1,17,6
CLNS1A,approved,1,16,9
CLOCK,approved,1,45,15
CLP1,approved,1,17,10
CLPB,approved,1,11,10
CLSPN,approved,1,10,7
CLTC,approved,1,57,19
CMC4,approved,1,2,2
CMPK1,approved,1,22,9
CMTR1,approved,1,10,7
CMTR2,approved,1,8,6
CNIH4,approved,1,10,5
CNN2,approved,1,17,6
CNOT1,approved,1,28,14
CNOT10,approved,1,9,4
CNOT11,approved,1,6,4
CNOT2,approved,1,19,11
CNOT3,approved,1,14,7
CNOT9,approved,1,20,7
COA5,approved,1,5,4
COASY,approved,1,11,8
COG1,approved,1,9,3
COG2,approved,1,11,3
COG3,approved,1,20,9
COG4,approved,1,8,4
COG6,approved,1,7,3
COG8,approved,1,8,3
COIL,approved,1,12,7
COMMD8,approved,1,11,9
COMTD1,approved,1,5,4
COPA,approved,1,22,11
COPB1,approved,1,24,9
COPB2,approved,1,14,8
COPE,approved,1,14,7
COPG1,approved,1,18,9
COPS2,approved,1,16,9
COPS3,approved,1,17,6
COPS4,approved,1,13,8
COPS5,approved,1,31,12
COPS6,approved,1,10,4
COPS8,approved,1,15,7
COPZ1,approved,1,12,7
COQ10B,approved,1,4,3
COQ2,approved,1,10,6
COQ4,approved,1,10,4
COQ5,approved,1,11,4
COTL1,approved,1,16,7
COX10,approved,1,14,5
COX11,approved,1,9,7
COX15,approved,1,12,5
COX17,approved,1,9,6
COX5A,approved,1,12,7
COX5B,approved,1,12,7
COX6C,approved,1,10,3
COX7B,approved,1,11,8
COX7C,approved,1,9,3
CPAMD8,approved,1,4,4
CPEB1,approved,1,27,6
CPNE1,approved,1,30,19
CPNE7,approved,1,11,7
CPOX,approved,1,18,5
CPSF1,approved,1,9,5
CPSF2,approved,1,12,5
CPSF3,approved,1,14,8
CPSF4,approved,1,10,6
CPSF6,approved,1,24,8
CRCP,approved,1,17,12
CRKL,approved,1,32,11
CRLS1,approved,1,12,5
CRNKL1,approved,1,16,6
CS,approved,1,11,9
CSDE1,approved,1,23,7
CSE1L,approved,1,12,9
CSH2,approved,1,13,7
CSNK1A1,approved,1,32,13
CSNK2A1,approved,1,40,16
CSNK2B,approved,1,37,19
CSTF1,approved,1,7,5
CSTF3,approved,1,10,5
CT45A5,approved,1,1,2
CTBP2,approved,1,22,8
CTCF,approved,1,35,14
CTDP1,approved,1,20,12
CTNNBL1,approved,1,12,6
CTPS1,approved,1,24,12
CTR9,approved,1,20,10
CTU2,approved,1,11,5
CUL1,approved,1,38,15
CUL2,approved,1,25,15
CUL3,approved,1,74,28
CUL7,approved,1,27,14
CWC15,approved,1,15,5
CWC22,approved,1,16,5
CWC25,approved,1,8,4
CWF19L2,approved,1,6,4
CXXC1,approved,1,16,7
CYC1,approved,1,13,8
CYCS,approved,1,15,7
CYFIP1,approved,1,39,10
CYP2A13,approved,1,13,5
CYP4F11,approved,1,21,8
CYREN,approved,1,14,9
CYS1,approved,1,5,5
CYTH2,approved,1,15,7
DAD1,approved,1,10,5
DAP3,approved,1,14,13
DARS,alias->DARS1,1,18,11
DAXX,approved,1,45,19
DBF4,approved,1,15,7
DBF4B,approved,1,14,4
DBN1,approved,1,22,5
DBR1,approved,1,11,7
DCAF16,approved,1,8,4
DCAF6,approved,1,9,5
DCLRE1B,approved,1,20,12
DCP2,approved,1,23,8
DCTN1,approved,1,54,22
DCTN2,approved,1,21,14
DCTN3,approved,1,13,8
DCTN4,approved,1,14,6
DCTN5,approved,1,5,4
DCTN6,approved,1,7,6
DCUN1D5,approved,1,10,6
DDB1,approved,1,57,17
DDHD1,approved,1,8,4
DDN,approved,1,16,9
DDOST,approved,1,16,10
DDX1,approved,1,29,17
DDX10,approved,1,10,10
DDX11,approved,1,41,18
DDX17,approved,1,32,19
DDX18,approved,1,11,11
DDX19A,approved,1,14,10
DDX19B,approved,1,17,12
DDX20,approved,1,31,15
DDX21,approved,1,33,18
DDX23,approved,1,28,15
DDX24,approved,1,11,9
DDX27,approved,1,9,11
DDX3X,approved,1,89,32
DDX41,approved,1,21,17
DDX42,approved,1,17,11
DDX46,approved,1,15,11
DDX47,approved,1,14,13
DDX49,approved,1,12,11
DDX5,approved,1,49,20
DDX51,approved,1,8,9
DDX52,approved,1,9,11
DDX54,approved,1,18,14
DDX55,approved,1,12,12
DDX56,approved,1,16,11
DDX59,approved,1,8,9
DDX6,approved,1,37,17
DEAF1,approved,1,24,14
DEK,approved,1,20,12
DENR,approved,1,11,2
DEPDC5,approved,1,14,6
DERL2,approved,1,17,6
DESI1,approved,1,17,8
DGCR8,approved,1,22,8
DHDDS,approved,1,10,7
DHFR,approved,1,24,14
DHODH,approved,1,13,6
DHPS,approved,1,11,4
DHRS1,approved,1,6,4
DHX15,approved,1,26,13
DHX16,approved,1,22,14
DHX29,approved,1,19,13
DHX30,approved,1,19,14
DHX33,approved,1,23,13
DHX35,approved,1,17,13
DHX36,approved,1,62,17
DHX37,approved,1,20,13
DHX8,approved,1,18,10
DHX9,approved,1,85,25
DICER1,approved,1,41,16
DIMT1,approved,1,11,9
DIS3,approved,1,23,12
DKC1,approved,1,33,14
DLAT,approved,1,11,8
DLD,approved,1,24,14
DMAP1,approved,1,24,10
DMRTA2,approved,1,11,7
DMTF1,approved,1,7,6
DNAAF3,approved,1,4,4
DNAJA1,approved,1,31,10
DNAJA3,approved,1,28,15
DNAJC11,approved,1,6,4
DNAJC17,approved,1,7,4
DNAJC19,approved,1,13,5
DNAJC8,approved,1,4,3
DNAJC9,approved,1,13,9
DNLZ,approved,1,9,10
DNM1,approved,1,31,14
DNM1L,approved,1,43,19
DNM2,approved,1,61,25
DNMT1,approved,1,31,13
DNTTIP1,approved,1,12,8
DNTTIP2,approved,1,9,6
DOHH,approved,1,5,5
DOLK,approved,1,5,7
DONSON,approved,1,10,6
DPAGT1,approved,1,11,7
DPH1,approved,1,12,6
DPH2,approved,1,9,3
DPH3,approved,1,14,6
DPH6,approved,1,3,3
DPM2,approved,1,11,7
DPPA2,approved,1,4,3
DPY19L2,approved,1,5,8
DPY19L4,approved,1,4,4
DR1,approved,1,20,9
DRAP1,approved,1,15,7
DRG1,approved,1,15,9
DRG2,approved,1,10,9
DROSHA,approved,1,25,11
DSN1,approved,1,15,12
DSTYK,approved,1,16,4
DTL,approved,1,25,15
DTNBP1,approved,1,39,12
DTYMK,approved,1,10,8
DUT,approved,1,22,13
DVL3,approved,1,26,6
DYNC1H1,approved,1,37,17
DYNC1I2,approved,1,17,11
DYNLL1,approved,1,45,17
DYNLL2,approved,1,33,11
DYNLRB1,approved,1,17,10
E2F1,approved,1,47,13
E2F4,approved,1,25,11
E2F6,approved,1,22,8
E4F1,approved,1,20,10
EAPP,approved,1,8,4
EARS2,approved,1,13,9
EBNA1BP2,approved,1,7,6
ECD,approved,1,7,5
ECT2,approved,1,39,13
EDC4,approved,1,13,6
EEF1A1,approved,1,33,18
EEF1A2,approved,1,15,7
EEF1B2,approved,1,8,4
EEF1G,approved,1,12,5
EEF2,approved,1,41,15
EEFSEC,approved,1,12,7
EFR3A,approved,1,7,7
EFTUD2,approved,1,31,10
EGLN2,approved,1,20,11
EHMT2,approved,1,26,10
EIF1,approved,1,13,3
EIF1AD,approved,1,6,4
EIF1AX,approved,1,11,3
EIF2B1,approved,1,17,8
EIF2B2,approved,1,21,8
EIF2B3,approved,1,17,7
EIF2B4,approved,1,20,8
EIF2B5,approved,1,25,10
EIF2S1,approved,1,35,8
EIF2S2,approved,1,14,4
EIF2S3,approved,1,16,9
EIF3A,approved,1,23,7
EIF3B,approved,1,21,7
EIF3CL,approved,1,11,3
EIF3D,approved,1,18,4
EIF3E,approved,1,25,10
EIF3F,approved,1,20,6
EIF3G,approved,1,14,4
EIF3H,approved,1,18,9
EIF3I,approved,1,14,6
EIF3J,approved,1,11,3
EIF3L,approved,1,18,8
EIF3M,approved,1,13,3
EIF4A1,approved,1,24,13
EIF4A3,approved,1,46,15
EIF4B,approved,1,12,4
EIF4E,approved,1,35,8
EIF4G1,approved,1,32,8
EIF4G2,approved,1,16,2
EIF4H,approved,1,14,4
EIF5,approved,1,13,6
EIF5A,approved,1,19,9
EIF6,approved,1,28,12
ELAC2,approved,1,16,11
ELK1,approved,1,33,11
ELL,approved,1,18,8
ELOB,approved,1,24,8
ELOF1,approved,1,8,7
ELOVL1,approved,1,18,8
ELP2,approved,1,12,7
ELP3,approved,1,18,12
ELP4,approved,1,9,5
ELP5,approved,1,11,6
ELP6,approved,1,8,4
EMC1,approved,1,9,4
EMC3,approved,1,7,4
EMC4,approved,1,7,4
EMC7,approved,1,8,4
EMG1,approved,1,16,9
ENO1,approved,1,34,16
ENY2,approved,1,19,9
EP400,approved,1,17,8
EPB41L2,approved,1,21,10
EPC2,approved,1,13,6
EPHB2,approved,1,79,16
EPM2AIP1,approved,1,7,3
EPRS,alias->EPRS1,1,28,10
EPS8L1,approved,1,14,7
ERAL1,approved,1,13,6
ERCC2,approved,1,32,18
ERCC3,approved,1,31,14
ERH,approved,1,10,7
ERVW-1,approved,1,5,3
ESF1,approved,1,6,7
ESPL1,approved,1,25,17
ESPN,approved,1,13,4
ESYT1,approved,1,16,7
ESYT2,approved,1,16,4
ETF1,approved,1,16,8
ETV4,approved,1,16,9
EWSR1,approved,1,11,7
EXOC1,approved,1,14,7
EXOC2,approved,1,15,6
EXOC3,approved,1,16,8
EXOC4,approved,1,27,13
EXOC5,approved,1,12,7
EXOC7,approved,1,21,12
EXOC8,approved,1,20,10
EXOSC1,approved,1,16,8
EXOSC10,approved,1,41,14
EXOSC2,approved,1,24,13
EXOSC3,approved,1,29,17
EXOSC4,approved,1,28,13
EXOSC5,approved,1,24,13
EXOSC6,approved,1,19,11
EXOSC7,approved,1,26,13
EXOSC8,approved,1,24,10
EXOSC9,approved,1,33,18
EZH2,approved,1,62,18
F8A1,approved,1,8,6
FAF2,approved,1,19,10
FAM102B,alias->EEIG2,1,0,0
FAM120A,approved,1,11,6
FAM133B,approved,1,3,5
FAM136A,alias->TIMCC,1,4,2
FAM207A,alias->SLX9,1,5,4
FAM229A,approved,1,0,0
FAM32A,approved,1,9,6
FAM50A,approved,1,7,6
FAM72D,alias->RUMY4,1,2,1
FARS2,approved,1,13,8
FARSA,approved,1,15,8
FARSB,approved,1,14,11
FASN,approved,1,32,15
FASTKD5,approved,1,11,6
FAU,approved,1,23,15
FBL,approved,1,30,14
FBLIM1,approved,1,10,5
FBRSL1,approved,1,1,1
FBXL14,approved,1,8,6
FBXO42,approved,1,5,4
FBXO5,approved,1,30,7
FBXW7,approved,1,44,10
FCF1,approved,1,10,6
FCGRT,approved,1,10,7
FDPS,approved,1,18,7
FDXR,approved,1,10,6
FEN1,approved,1,36,16
FGFR1OP,alias->CEP43,1,17,8
FHL3,approved,1,9,6
FIP1L1,approved,1,8,6
FKBP9,approved,1,4,7
FNBP4,approved,1,2,3
FNTA,approved,1,28,14
FNTB,approved,1,15,7
FOLR3,approved,1,12,6
FOXD4,approved,1,12,8
FOXL2,approved,1,27,12
FOXN2,approved,1,11,7
FOXO1,approved,1,53,12
FOXO4,approved,1,33,10
FOXS1,approved,1,14,8
FRG2,approved,1,1,2
FTSJ3,approved,1,16,8
FUBP3,approved,1,12,6
FUNDC2,approved,1,8,5
FXN,approved,1,27,10
FXYD5,approved,1,18,4
FYN,approved,1,93,22
FZD2,approved,1,17,8
GAB2,approved,1,14,7
GABPA,approved,1,18,10
GABPB1,approved,1,6,6
GAK,approved,1,30,13
GAPDH,approved,1,39,21
GAR1,approved,1,17,8
GARS,alias->GARS1,1,21,14
GART,approved,1,19,9
GATA1,approved,1,56,13
GBF1,approved,1,29,13
GCLC,approved,1,32,8
GCOM1,approved,0,0,0
GEMIN4,approved,1,17,9
GEMIN5,approved,1,23,7
GEMIN6,approved,1,13,7
GEMIN7,approved,1,12,7
GEMIN8,approved,1,9,6
GET1,approved,1,9,5
GET3,approved,1,13,11
GFER,approved,1,12,8
GFM1,approved,1,10,7
GFOD2,approved,1,3,4
GGPS1,approved,1,15,5
GIGYF2,approved,1,25,11
GINS1,approved,1,9,7
GINS2,approved,1,8,8
GINS3,approved,1,8,6
GINS4,approved,1,10,8
GIT2,approved,1,11,6
GJA3,approved,1,10,5
GLB1,approved,1,21,11
GLE1,approved,1,21,11
GLI3,approved,1,46,14
GLI4,approved,1,6,5
GLMN,approved,1,20,5
GLRX3,approved,1,19,5
GLRX5,approved,1,15,7
GLYR1,approved,1,15,9
GMEB2,approved,1,15,9
GMIP,approved,1,9,6
GMPPB,approved,1,10,6
GMPS,approved,1,8,5
GNB1L,approved,1,4,3
GNL2,approved,1,6,7
GNL3,approved,1,18,8
GNL3L,approved,1,12,4
GNPAT,approved,1,13,6
GNPNAT1,approved,1,9,9
GOLGA6L1,approved,1,0,0
GOLT1B,approved,1,10,4
GON4L,approved,1,6,6
GOSR2,approved,1,13,7
GPATCH8,approved,1,5,3
GPKOW,approved,1,8,5
GPN1,approved,1,8,9
GPN2,approved,1,3,3
GPN3,approved,1,6,7
GPR61,approved,1,10,6
GPS1,approved,1,13,7
GPS2,approved,1,30,12
GRAMD1A,approved,1,10,7
GRB2,approved,1,47,19
GRPEL1,approved,1,13,7
GRSF1,approved,1,15,5
GRWD1,approved,1,14,12
GSDMA,approved,1,11,7
GSK3B,approved,1,130,24
GSPT1,approved,1,15,9
GTF2A1,approved,1,20,9
GTF2A2,approved,1,16,7
GTF2B,approved,1,38,13
GTF2E1,approved,1,9,6
GTF2E2,approved,1,12,8
GTF2F1,approved,1,22,9
GTF2F2,approved,1,12,7
GTF2H1,approved,1,14,7
GTF2H2,approved,1,17,7
GTF2H2C,approved,1,10,6
GTF2H3,approved,1,14,7
GTF2H4,approved,1,14,7
GTF2IRD1,approved,1,10,7
GTF3A,approved,1,8,7
GTF3C1,approved,1,14,7
GTF3C2,approved,1,11,7
GTF3C3,approved,1,12,9
GTF3C4,approved,1,14,11
GTF3C5,approved,1,10,7
GTF3C6,approved,1,11,7
GTPBP4,approved,1,19,9
GUCD1,approved,1,3,1
GUK1,approved,1,17,7
GYG1,approved,1,15,11
H2AFX,alias->H2AX,1,31,16
H2AFZ,alias->H2AZ1,1,19,9
H3F3A,alias->H3-3A,1,21,13
HAMP,approved,1,14,6
HAPLN2,approved,1,10,5
HARS,alias->HARS1,1,11,7
HARS2,approved,1,11,9
HAUS1,approved,1,11,6
HAUS3,approved,1,14,7
HAUS4,approved,1,10,7
HAUS5,approved,1,9,6
HAUS6,approved,1,12,7
HAUS7,approved,1,12,7
HAUS8,approved,1,13,8
HBS1L,approved,1,15,10
HCFC1,approved,1,29,8
HCRTR1,approved,1,14,3
HDAC1,approved,1,75,15
HDAC3,approved,1,56,19
HDAC7,approved,1,25,11
HDAC8,approved,1,22,10
HEATR1,approved,1,18,8
HEATR6,approved,1,1,1
HECTD1,approved,1,12,9
HERC1,approved,1,8,7
HEXIM1,approved,1,17,7
HGS,approved,1,37,12
HHEX,approved,1,37,11
HINFP,approved,1,32,13
HIPK1,approved,1,28,12
HIRA,approved,1,22,12
HIST1H2AB,alias->H2AC4,1,14,8
HIST1H2AE,alias->H2AC8,1,14,8
HIST1H2AI,alias->H2AC13,1,12,8
HIST1H2BB,alias->H2BC3,1,15,11
HIST1H2BC,alias->H2BC4,1,17,11
HIST1H2BE,alias->H2BC6,1,17,11
HIST1H2BJ,alias->H2BC11,1,22,13
HIST1H2BL,alias->H2BC13,1,15,11
HIST1H2BM,alias->H2BC14,1,14,11
HIST1H2BN,alias->H2BC15,1,14,11
HIST2H2AA3,alias->H2AC18,1,10,8
HIST2H2AC,alias->H2AC20,1,9,8
HIST2H2BE,alias->H2BC21,1,16,11
HIST2H2BF,alias->H2BC18,1,13,10
HIST2H3A,alias->H3C15,1,12,9
HIST2H3D,alias->H3C13,1,12,9
HJURP,approved,1,11,9
HLA-C,approved,1,33,11
HMBOX1,approved,1,22,9
HMGA1,approved,1,36,15
HMGB1,approved,1,126,27
HMGB3,approved,1,13,8
HMGCR,approved,1,21,9
HMGCS1,approved,1,15,10
HMGN2,approved,1,13,11
HMGN3,approved,1,8,6
HMGN4,approved,1,6,5
HMGXB3,approved,1,3,2
HMX3,approved,1,9,7
HNRNPA1,approved,1,32,9
HNRNPC,approved,1,27,13
HNRNPDL,approved,1,9,6
HNRNPH1,approved,1,14,6
HNRNPK,approved,1,31,12
HNRNPL,approved,1,21,9
HNRNPM,approved,1,15,7
HNRNPR,approved,1,12,5
HNRNPU,approved,1,93,18
HOMEZ,approved,1,8,8
HOXA3,approved,1,14,8
HOXC10,approved,1,16,7
HPS5,approved,1,8,4
HS6ST1,approved,1,9,9
HSBP1,approved,1,12,8
HSCB,approved,1,13,8
HSD17B10,approved,1,41,12
HSD17B12,approved,1,20,10
HSF1,approved,1,56,12
HSP90AB1,approved,1,69,19
HSP90B1,approved,1,45,18
HSPA14,approved,1,14,10
HSPA5,approved,1,58,22
HSPA8,approved,1,65,30
HSPA9,approved,1,39,19
HSPD1,approved,1,64,25
HSPE1,approved,1,14,10
HSPH1,approved,1,19,14
HTATSF1,approved,1,17,11
HUS1,approved,1,19,14
HUWE1,approved,1,37,18
HYOU1,approved,1,24,9
HYPK,approved,1,9,6
IARS,alias->IARS1,1,17,11
IARS2,approved,1,13,10
ICE1,approved,1,15,8
IFI27L2,approved,1,6,5
IFITM2,approved,1,15,9
IFITM3,approved,1,18,9
IFNAR2,approved,1,19,7
IFNGR2,approved,1,16,10
IGBP1,approved,1,13,4
IK,approved,1,14,9
IL10RB,approved,1,23,6
ILF2,approved,1,16,10
ILF3,approved,1,23,12
IMP3,approved,1,14,6
IMP4,approved,1,14,6
IMPA2,approved,1,17,5
IMPDH2,approved,1,20,10
INCENP,approved,1,27,14
INF2,approved,1,8,5
ING3,approved,1,21,11
INO80,approved,1,43,24
INO80B,approved,1,12,8
INO80C,approved,1,17,9
INO80D,approved,1,14,8
INO80E,approved,1,11,8
INPPL1,approved,1,27,14
INTS1,approved,1,12,7
INTS10,approved,1,8,6
INTS11,approved,1,14,10
INTS12,approved,1,10,6
INTS13,approved,1,17,11
INTS14,approved,1,9,6
INTS2,approved,1,12,7
INTS3,approved,1,16,11
INTS4,approved,1,12,8
INTS5,approved,1,13,8
INTS6,approved,1,14,9
INTS7,approved,1,14,8
INTS8,approved,1,12,7
INTS9,approved,1,14,7
IPO11,approved,1,10,8
IPO13,approved,1,10,6
IPO7,approved,1,19,10
IPO9,approved,1,14,9
IREB2,approved,1,12,7
IRF2BP2,approved,1,7,8
ISCA2,approved,1,12,3
ISCU,approved,1,22,6
ISG20L2,approved,1,8,7
IST1,approved,1,25,14
ISY1,approved,1,14,6
ITGB1BP1,approved,1,55,15
IWS1,approved,1,9,6
JAZF1,approved,1,6,5
JMJD6,approved,1,33,17
KANSL1,approved,1,15,13
KANSL2,approved,1,9,8
KANSL3,approved,1,12,12
KARS,alias->KARS1,1,31,18
KAT5,approved,1,75,24
KAT7,approved,1,49,17
KAT8,approved,1,46,15
KATNB1,approved,1,30,12
KCMF1,approved,1,18,12
KCNA10,approved,1,14,4
KCTD10,approved,1,19,10
KDM1A,approved,1,63,14
KDM2A,approved,1,16,12
KDM5A,approved,1,25,15
KDM5C,approved,1,12,10
KDM6A,approved,1,12,9
KDM8,approved,1,19,11
KEAP1,approved,1,24,10
KHDRBS1,approved,1,37,15
KHSRP,approved,1,25,10
KIAA0586,approved,1,8,6
KIAA1143,approved,1,3,3
KIF11,approved,1,25,14
KIF14,approved,1,49,18
KIF18A,approved,1,30,18
KIF18B,approved,1,28,17
KIF20A,approved,1,21,16
KIF21B,approved,1,14,10
KIF23,approved,1,25,19
KIF2A,approved,1,31,19
KIF4A,approved,1,21,16
KIN,approved,1,17,8
KLC2,approved,1,14,8
KLF7,approved,1,21,9
KLHL11,approved,1,6,3
KLHL17,approved,1,12,6
KMT2A,approved,1,34,15
KPNA6,approved,1,13,7
KPNB1,approved,1,38,17
KRI1,approved,1,4,5
KRR1,approved,1,12,6
KRT10,approved,1,21,12
KRT17,approved,1,19,9
KRT8,approved,1,21,10
KRTAP4-2,approved,1,5,3
KRTAP4-7,approved,1,4,3
KTI12,approved,1,2,1
KXD1,approved,1,10,5
LAMB1,approved,1,41,15
LAMTOR1,approved,1,34,12
LAMTOR2,approved,1,23,9
LAMTOR3,approved,1,25,10
LAMTOR4,approved,1,15,8
LARS,alias->LARS1,1,23,12
LARS2,approved,1,11,9
LAS1L,approved,1,16,9
LCE1C,approved,1,2,1
LCE1E,approved,1,3,1
LCN10,approved,1,2,1
LDB1,approved,1,33,10
LDLR,approved,1,66,14
LENG1,approved,1,2,3
LENG8,approved,1,3,2
LEO1,approved,1,13,10
LETM1,approved,1,20,7
LIMS1,approved,1,20,7
LIN52,approved,1,8,4
LIN54,approved,1,12,6
LMAN1,approved,1,21,9
LMBRD2,approved,1,3,2
LMO2,approved,1,10,7
LONP1,approved,1,32,14
LPA,approved,1,11,7
LPCAT3,approved,1,25,8
LPIN1,approved,1,23,15
LRP5,approved,1,38,10
LRPPRC,approved,1,28,13
LRR1,approved,1,7,4
LRRC37A3,approved,1,1,0
LRRC37B,approved,1,1,0
LSG1,approved,1,11,10
LSM10,approved,1,14,5
LSM11,approved,1,14,5
LSM12,approved,1,3,1
LSM2,approved,1,27,7
LSM3,approved,1,24,7
LSM4,approved,1,30,7
LSM5,approved,1,24,7
LSM6,approved,1,28,9
LSM7,approved,1,27,7
LST1,approved,1,11,6
LTB4R2,approved,1,12,3
LTBP3,approved,1,14,5
LTBP4,approved,1,18,11
LTV1,approved,1,9,6
LUC7L3,approved,1,10,6
LURAP1,approved,1,5,1
LYRM4,approved,1,14,7
LZTR1,approved,1,11,6
MAD2L1,approved,1,22,8
MAD2L2,approved,1,37,16
MAGOH,approved,1,23,7
MAK16,approved,1,6,5
MALSU1,approved,1,7,4
MAN2A1,approved,1,17,8
MANF,approved,1,14,12
MAP2K2,approved,1,37,20
MAP2K7,approved,1,29,8
MAPK12,approved,1,22,12
MAPK7,approved,1,32,10
MARCKSL1,approved,1,9,7
MARS,alias->MARS1,1,17,13
MARS2,approved,1,8,7
MASTL,approved,1,17,11
MAT2A,approved,1,13,7
MAU2,approved,1,12,7
MAX,approved,1,29,8
MBD3,approved,1,26,9
MBD4,approved,1,14,10
MBIP,approved,1,20,9
MBNL1,approved,1,15,7
MBTPS1,approved,1,22,12
MBTPS2,approved,1,17,11
MCEE,approved,1,7,7
MCL1,approved,1,35,11
MCM10,approved,1,13,8
MCM2,approved,1,28,18
MCM3,approved,1,24,15
MCM3AP,approved,1,23,15
MCM4,approved,1,21,15
MCM5,approved,1,20,14
MCM6,approved,1,20,15
MCM7,approved,1,25,14
MCMBP,approved,1,7,4
MCRS1,approved,1,32,14
MDN1,approved,1,11,9
MED1,approved,1,63,19
MED10,approved,1,13,10
MED11,approved,1,13,10
MED12,approved,1,20,9
MED13,approved,1,17,5
MED14,approved,1,15,7
MED15,approved,1,11,7
MED16,approved,1,15,7
MED17,approved,1,21,10
MED18,approved,1,10,7
MED19,approved,1,12,7
MED20,approved,1,15,10
MED21,approved,1,16,11
MED22,approved,1,11,7
MED24,approved,1,13,7
MED25,approved,1,17,6
MED26,approved,1,13,7
MED27,approved,1,13,8
MED28,approved,1,12,7
MED29,approved,1,10,7
MED30,approved,1,16,10
MED31,approved,1,14,10
MED4,approved,1,16,7
MED6,approved,1,15,8
MED7,approved,1,17,10
MED8,approved,1,14,10
MED9,approved,1,10,7
MEF2A,approved,1,33,10
MEIS3,approved,1,17,8
MEMO1,approved,1,4,3
MEN1,approved,1,42,18
MEPCE,approved,1,18,8
METAP1,approved,1,12,7
METAP2,approved,1,12,6
METTL1,approved,1,14,8
METTL14,approved,1,26,12
METTL16,approved,1,21,10
METTL17,approved,1,12,6
METTL21A,approved,1,12,7
METTL23,approved,1,16,8
METTL3,approved,1,39,15
MEX3A,approved,1,6,4
MFAP1,approved,1,9,8
MFN2,approved,1,21,11
MICOS10,approved,1,9,4
MIER1,approved,1,14,8
MIOS,approved,1,14,8
MIPEP,approved,1,7,6
MIS12,approved,1,14,9
MIS18A,approved,1,10,7
MIS18BP1,approved,1,6,6
MKRN1,approved,1,7,5
MLKL,approved,1,15,7
MLLT10,approved,1,12,7
MLLT6,approved,1,11,6
MLST8,approved,1,26,13
MMGT1,approved,1,23,10
MMP17,approved,1,11,9
MMS19,approved,1,18,9
MMS22L,approved,1,13,9
MNAT1,approved,1,19,9
MOB4,approved,1,12,3
MOCS3,approved,1,16,7
MOG,approved,1,6,4
MOK,approved,1,11,7
MON1A,approved,1,7,7
MPG,approved,1,15,10
MPHOSPH10,approved,1,15,7
MPHOSPH6,approved,1,8,5
MRGBP,approved,1,13,5
MRM1,approved,1,15,7
MRPL1,approved,1,11,6
MRPL10,approved,1,9,6
MRPL11,approved,1,11,6
MRPL13,approved,1,12,6
MRPL14,approved,1,8,6
MRPL15,approved,1,9,6
MRPL16,approved,1,8,6
MRPL17,approved,1,9,5
MRPL18,approved,1,12,8
MRPL19,approved,1,9,6
MRPL2,approved,1,8,6
MRPL20,approved,1,12,6
MRPL21,approved,1,9,6
MRPL22,approved,1,10,6
MRPL23,approved,1,9,6
MRPL24,approved,1,8,6
MRPL27,approved,1,9,6
MRPL28,approved,1,9,6
MRPL3,approved,1,8,6
MRPL32,approved,1,11,6
MRPL33,approved,1,8,5
MRPL34,approved,1,8,5
MRPL35,approved,1,8,5
MRPL36,approved,1,8,5
MRPL37,approved,1,9,6
MRPL38,approved,1,5,4
MRPL39,approved,1,7,5
MRPL4,approved,1,11,6
MRPL41,approved,1,9,6
MRPL42,approved,1,8,6
MRPL43,approved,1,9,6
MRPL44,approved,1,11,6
MRPL45,approved,1,7,6
MRPL46,approved,1,5,5
MRPL49,approved,1,9,5
MRPL50,approved,1,4,4
MRPL51,approved,1,8,5
MRPL53,approved,1,5,4
MRPL54,approved,1,7,6
MRPL55,approved,1,6,5
MRPL9,approved,1,10,6
MRPS10,approved,1,6,4
MRPS11,approved,1,9,6
MRPS12,approved,1,11,6
MRPS14,approved,1,10,6
MRPS16,approved,1,8,5
MRPS17,approved,1,8,5
MRPS18A,approved,1,9,6
MRPS18B,approved,1,8,5
MRPS18C,approved,1,8,6
MRPS2,approved,1,10,6
MRPS21,approved,1,9,6
MRPS22,approved,1,7,5
MRPS23,approved,1,9,6
MRPS24,approved,1,6,6
MRPS25,approved,1,5,5
MRPS26,approved,1,5,5
MRPS27,approved,1,9,5
MRPS28,approved,1,6,6
MRPS30,approved,1,9,7
MRPS31,approved,1,8,6
MRPS33,approved,1,6,5
MRPS34,approved,1,5,5
MRPS35,approved,1,7,6
MRPS5,approved,1,8,6
MRPS6,approved,1,11,6
MRPS7,approved,1,10,6
MRPS9,approved,1,9,6
MRTO4,approved,1,9,7
MSANTD4,approved,1,2,2
MSI2,approved,1,11,4
MSL1,approved,1,9,7
MSRB1,approved,1,14,13
MST1,approved,1,8,3
MSTO1,approved,1,8,4
MT2A,approved,1,15,4
MTA1,approved,1,32,14
MTBP,approved,1,5,2
MTCP1,approved,1,3,2
MTF1,approved,1,16,7
MTG2,approved,1,14,10
MTHFD1,approved,1,24,14
MTHFSD,approved,1,3,1
MTM1,approved,1,25,13
MTOR,approved,1,108,26
MTPAP,approved,1,17,7
MTREX,approved,1,22,13
MTRNR2L1,approved,1,4,2
MVD,approved,1,12,6
MVK,approved,1,15,8
MYB,approved,1,37,11
MYBBP1A,approved,1,24,13
MYBL2,approved,1,11,7
MYC,approved,1,64,13
MYCBP,approved,1,8,6
MYD88,approved,1,74,21
MYO1H,approved,1,12,8
MYPOP,approved,1,10,5
MYRF,approved,1,17,10
MYSM1,approved,1,14,11
MZF1,approved,1,14,6
MZT1,approved,1,11,9
N6AMT1,alias->HEMK2,1,23,10
NAA10,approved,1,17,7
NAA15,approved,1,14,10
NAA20,approved,1,13,7
NAA25,approved,1,6,3
NAA30,approved,1,9,6
NAA35,approved,1,6,1
NAA38,approved,1,7,4
NAA50,approved,1,18,11
NABP2,approved,1,17,9
NACA,approved,2,4,2
NAE1,approved,1,17,9
NAF1,approved,1,20,7
NAGLU,approved,1,11,10
NAIF1,approved,1,5,5
NANOG,approved,1,25,10
NAPA,approved,1,33,12
NAPG,approved,1,13,12
NARS,alias->NARS1,1,16,10
NARS2,approved,1,9,7
NASP,approved,1,12,9
NAT10,approved,1,30,11
NBAS,approved,1,11,5
NBEAL1,approved,1,2,1
NBPF12,approved,1,1,0
NBPF15,approved,1,1,0
NBPF3,approved,1,1,0
NCAPD2,approved,1,18,12
NCAPD3,approved,1,14,11
NCAPG,approved,1,14,8
NCAPG2,approved,1,16,11
NCAPH,approved,1,19,15
NCAPH2,approved,1,11,8
NCBP1,approved,1,38,13
NCBP2,approved,1,34,12
NCKAP1,approved,1,22,11
NCL,alias->NUCLEOLIN,1,29,14
NCLN,approved,1,13,5
NCOA4,approved,1,16,14
NDC1,approved,1,14,7
NDC80,approved,1,29,17
NDOR1,approved,1,19,4
NDUFA11,approved,1,7,5
NDUFA2,approved,1,9,9
NDUFA3,approved,1,9,9
NDUFA4,alias->COXFA4,1,11,7
NDUFA6,approved,1,10,11
NDUFA8,approved,1,11,9
NDUFAB1,approved,1,22,13
NDUFAF3,approved,1,5,5
NDUFAF5,approved,1,6,6
NDUFAF7,approved,1,9,8
NDUFB10,approved,1,9,9
NDUFB3,approved,1,9,9
NDUFB4,approved,1,8,9
NDUFB6,approved,1,11,9
NDUFB7,approved,1,10,9
NDUFB8,approved,1,9,9
NDUFS3,approved,1,17,12
NDUFS5,approved,1,11,11
NDUFV2,approved,1,14,10
NEDD1,approved,1,12,9
NEDD8,approved,1,19,8
NEDD8-MDP1,approved,0,0,0
NELFA,approved,1,11,7
NELFB,approved,1,12,7
NELFCD,approved,1,11,7
NELFE,approved,1,18,8
NEMF,approved,1,12,9
NEPRO,alias->RMP64,1,7,4
NF1,approved,1,58,15
NFATC2IP,approved,1,4,3
NFE2L1,approved,1,22,9
NFKBIE,approved,1,7,6
NFRKB,approved,1,17,8
NFS1,approved,1,16,10
NFYB,approved,1,20,7
NFYC,approved,1,19,9
NGLY1,approved,1,8,9
NHLRC2,approved,1,4,4
NHP2,approved,1,20,9
NICN1,approved,1,5,4
NIFK,approved,1,11,9
NIP7,approved,1,7,5
NIPAL3,approved,1,5,2
NIPSNAP3A,approved,1,6,6
NISCH,approved,1,11,6
NKAP,approved,1,12,7
NKAPD1,approved,1,2,0
NKX6-1,approved,1,31,11
NLE1,approved,1,3,3
NMD3,approved,1,11,8
NMT1,approved,1,16,5
NOB1,approved,1,9,7
NOC2L,approved,1,19,12
NOC3L,approved,1,7,6
NOC4L,approved,1,18,10
NOL10,approved,1,5,5
NOL11,approved,1,9,7
NOL12,approved,1,8,5
NOL6,approved,1,12,8
NOL7,approved,1,7,5
NOL8,approved,1,6,5
NOL9,approved,1,14,7
NOLC1,approved,1,17,11
NOM1,approved,1,4,5
NOMO1,approved,1,8,4
NOMO3,approved,1,8,5
NOP10,approved,1,21,8
NOP14,approved,1,17,6
NOP16,approved,1,3,5
NOP2,approved,1,17,10
NOP56,approved,1,20,9
NOP58,approved,1,21,9
NOP9,approved,1,10,6
NOS1AP,approved,1,26,12
NPAT,approved,1,15,6
NPB,approved,1,5,2
NPEPPS,approved,1,15,7
NPLOC4,approved,1,26,7
NPM1,approved,1,66,25
NPM3,approved,1,9,7
NR2C2AP,approved,1,3,3
NRBP1,approved,1,21,11
NRDE2,approved,1,13,8
NRF1,approved,1,11,7
NSA2,approved,1,6,6
NSF,approved,1,28,13
NSL1,approved,1,10,9
NSMCE1,approved,1,16,11
NSMCE2,approved,1,18,11
NSRP1,approved,1,10,4
NSUN4,approved,1,17,8
NT5DC1,approved,1,2,2
NUB1,approved,1,13,8
NUBP1,approved,1,18,9
NUBP2,approved,1,16,8
NUDC,approved,1,15,11
NUDCD3,approved,1,6,5
NUDT15,approved,1,20,9
NUDT21,approved,1,25,8
NUF2,approved,1,17,13
NUFIP1,approved,1,19,10
NUMA1,approved,1,59,16
NUP107,approved,1,17,11
NUP133,approved,1,18,9
NUP153,approved,1,20,9
NUP155,approved,1,14,8
NUP160,approved,1,18,10
NUP205,approved,1,12,7
NUP214,approved,1,16,9
NUP35,approved,1,14,8
NUP37,approved,1,9,7
NUP43,approved,1,8,7
NUP54,approved,1,10,6
NUP62,approved,1,44,17
NUP85,approved,1,16,11
NUP88,approved,1,11,8
NUP93,approved,1,15,11
NUP98,approved,1,32,15
NUS1,approved,1,14,8
NUTF2,approved,1,17,10
NVL,approved,1,19,10
NXF1,approved,1,18,7
OGFOD1,approved,1,17,7
OGT,approved,1,53,22
OIP5,approved,1,13,6
OLFML3,approved,1,3,3
OPA1,approved,1,41,16
OR1D2,approved,1,9,4
OR1E2,approved,1,9,4
OR2A1,approved,1,6,4
OR2T29,approved,1,6,4
OR2T5,approved,1,6,4
OR4F4,approved,1,6,4
OR4K1,approved,1,6,4
OR4N2,approved,1,6,4
OR7A10,approved,1,7,4
OR7A17,approved,1,8,4
ORC1,approved,1,13,11
ORC3,approved,1,15,7
ORC4,approved,1,16,13
ORC5,approved,1,13,7
ORC6,approved,1,12,9
OSBP,approved,1,31,10
OSGEP,approved,1,11,8
OSTC,approved,1,10,7
OTOP1,approved,1,12,6
OTX1,approved,1,13,7
OVCA2,approved,1,8,7
OXA1L,approved,1,19,9
PABPC1,approved,1,32,8
PABPC4,approved,1,16,5
PABPN1,approved,1,21,10
PAF1,approved,1,19,9
PAFAH1B1,approved,1,83,21
PAK1IP1,approved,1,6,5
PALB2,approved,1,11,7
PAM16,approved,1,12,4
PAN2,approved,1,12,7
PAPOLA,approved,1,13,7
PARN,approved,1,31,12
PARP3,approved,1,27,12
PARS2,approved,1,9,7
PATL1,approved,1,16,7
PAXBP1,approved,1,6,6
PBLD,approved,1,14,7
PC,approved,1,18,7
PCBP1,approved,1,19,9
PCBP2,approved,1,25,12
PCF11,approved,1,14,6
PCGF1,approved,1,12,6
PCGF6,approved,1,11,6
PCID2,approved,1,19,12
PCM1,approved,1,28,10
PCNA,approved,1,51,22
PCNX3,approved,1,2,0
PDAP1,approved,1,7,7
PDCD11,approved,1,13,7
PDCD2,approved,1,10,7
PDCD4,approved,1,18,8
PDCD5,approved,1,17,9
PDCD6,approved,1,42,17
PDCD6IP,approved,1,36,18
PDCD7,approved,1,10,5
PDE6D,approved,1,15,7
PDHA1,approved,1,9,8
PDK1,approved,1,15,9
PDK3,approved,1,15,6
PDPK1,approved,1,48,16
PDRG1,approved,1,7,2
PEF1,approved,1,23,12
PELO,approved,1,12,7
PELP1,approved,1,15,8
PES1,approved,1,18,7
PET117,approved,1,2,4
PEX1,approved,1,18,12
PEX19,approved,1,19,9
PFDN1,approved,1,10,4
PFDN2,approved,1,17,10
PFDN4,approved,1,11,7
PFDN5,approved,1,18,9
PFDN6,approved,1,12,4
PFN1,approved,1,33,12
PGAM1,approved,1,16,10
PGAM5,approved,1,10,7
PGD,approved,1,13,10
PGK1,approved,1,22,15
PGLS,approved,1,9,11
PGPEP1,approved,1,6,5
PGS1,approved,1,10,6
PHAX,approved,1,13,6
PHB,alias->PHB1,1,53,16
PHB2,approved,1,35,14
PHF10,approved,1,22,10
PHF11,approved,1,4,4
PHF12,approved,1,10,7
PHF19,approved,1,14,8
PHF23,approved,1,8,4
PHF5A,approved,1,23,8
PHF8,approved,1,21,12
PI4KA,approved,1,18,11
PI4KB,approved,1,22,14
PIAS1,approved,1,40,19
PIAS4,approved,1,30,13
PIGH,approved,1,5,5
PIK3C3,approved,1,51,19
PIK3R4,approved,1,31,15
PIM2,approved,1,16,5
PIN1,approved,1,45,18
PINK1,approved,1,99,20
PIP4K2C,approved,1,17,9
PITRM1,approved,1,10,7
PKM,approved,1,31,18
PKMYT1,approved,1,22,11
PKN3,approved,1,17,9
PLA2G10,approved,1,39,14
PLAGL2,approved,1,8,5
PLCG1,approved,1,39,12
PLEKHN1,approved,1,12,5
PLK1,approved,1,69,21
PLK4,approved,1,22,16
PLRG1,approved,1,16,8
PMF1,approved,1,15,10
PMPCA,approved,1,12,7
PMPCB,approved,1,11,7
PNISR,approved,1,3,4
PNKP,approved,1,30,11
PNN,approved,1,18,9
PNO1,approved,1,11,7
PNP,approved,1,35,9
PNPT1,approved,1,42,16
POGLUT3,approved,1,9,6
POGZ,approved,1,14,11
POLA1,approved,1,31,15
POLA2,approved,1,8,7
POLD1,approved,1,28,12
POLD2,approved,1,13,8
POLD3,approved,1,17,11
POLD4,approved,1,8,10
POLE,approved,1,24,15
POLE2,approved,1,12,11
POLG,approved,1,23,11
POLG2,approved,1,15,8
POLL,approved,1,18,14
POLR1A,approved,1,22,10
POLR1B,approved,1,19,12
POLR1C,approved,1,21,10
POLR1D,approved,2,17,8
POLR1E,approved,1,14,7
POLR2A,approved,1,28,12
POLR2B,approved,1,19,10
POLR2C,approved,1,11,8
POLR2D,approved,1,12,4
POLR2E,approved,1,24,11
POLR2F,approved,1,23,11
POLR2G,approved,1,10,4
POLR2H,approved,1,21,10
POLR2I,approved,1,14,9
POLR2K,approved,1,24,11
POLR2L,approved,1,25,12
POLR2M,approved,2,11,6
POLR3A,approved,1,22,12
POLR3B,approved,1,21,10
POLR3C,approved,1,15,10
POLR3D,approved,1,12,7
POLR3E,approved,1,8,5
POLR3F,approved,1,15,10
POLR3H,approved,1,15,11
POLR3K,approved,1,12,8
POLRMT,approved,1,17,11
POP1,approved,1,15,11
POP4,approved,1,15,10
POP5,approved,1,13,9
POP7,approved,1,15,9
POR,approved,1,40,12
POT1,approved,1,28,7
POTEI,approved,1,14,10
POU3F1,approved,1,17,8
POU5F1B,approved,1,12,8
PPA1,approved,1,10,7
PPA2,approved,1,10,5
PPAN,approved,1,7,5
PPARGC1B,approved,1,16,7
PPIA,approved,1,43,17
PPIE,approved,1,24,13
PPIF,approved,1,21,10
PPIH,approved,1,15,11
PPIL1,approved,1,16,11
PPIL2,approved,1,18,12
PPIL4,approved,1,10,9
PPIP5K2,approved,1,12,3
PPME1,approved,1,11,9
PPP1CA,approved,1,49,16
PPP1CB,approved,1,24,11
PPP1R10,approved,1,23,11
PPP1R11,approved,1,13,7
PPP1R12A,approved,1,26,14
PPP1R15B,approved,1,11,4
PPP1R2,approved,1,7,3
PPP1R37,approved,1,1,0
PPP1R7,approved,1,8,6
PPP1R8,approved,1,13,10
PPP2CA,approved,1,51,18
PPP2CB,approved,1,23,11
PPP2R1A,approved,1,38,20
PPP2R3C,approved,1,11,7
PPP4C,approved,1,13,12
PPP4R2,approved,1,12,8
PPP6C,approved,1,11,12
PPRC1,approved,1,8,6
PPWD1,approved,1,8,7
PPY,approved,1,10,4
PQBP1,approved,1,22,10
PRC1,approved,1,21,11
PRDM10,approved,1,9,7
PRDM4,approved,1,12,7
PRDM8,approved,1,11,9
PRDX3,approved,1,32,13
PREB,approved,1,10,7
PRELID1,approved,1,16,5
PRELID3B,approved,1,8,6
PRIM1,approved,1,10,9
PRIM2,approved,1,8,9
PRKAB2,approved,1,12,9
PRKACA,approved,1,83,26
PRKCA,approved,1,76,24
PRKRA,approved,1,27,10
PRKRIP1,approved,1,16,11
PRMT1,approved,1,45,16
PRMT2,approved,1,28,11
PRMT5,approved,1,47,17
PRMT6,approved,1,23,11
PRMT7,approved,1,18,15
PRNP,approved,2,91,21
PRODH,approved,1,10,8
PRORP,approved,1,8,7
PRPF18,approved,1,11,5
PRPF19,approved,1,31,15
PRPF3,approved,1,26,6
PRPF31,approved,1,30,7
PRPF38A,approved,1,7,5
PRPF38B,approved,1,4,4
PRPF39,approved,1,8,5
PRPF4,approved,1,27,6
PRPF40A,approved,1,10,5
PRPF4B,alias->PRP4K,1,21,10
PRPF6,approved,1,27,8
PRPF8,approved,1,34,6
PRRC2A,approved,1,16,8
PRSS50,approved,1,7,6
PRXL2A,approved,1,5,3
PSAT1,approved,1,11,7
PSKH1,approved,1,12,12
PSMA1,approved,1,42,18
PSMA2,approved,1,44,17
PSMA3,approved,1,40,17
PSMA4,approved,1,40,17
PSMA5,approved,1,42,17
PSMA6,approved,1,52,23
PSMA7,approved,1,37,17
PSMB1,approved,1,41,17
PSMB2,approved,1,39,17
PSMB3,approved,1,38,17
PSMB4,approved,1,41,21
PSMB5,approved,1,31,18
PSMB6,approved,1,29,17
PSMB7,approved,1,31,17
PSMB9,approved,1,25,12
PSMC1,approved,1,20,13
PSMC2,approved,1,26,14
PSMC3,approved,1,26,14
PSMC4,approved,1,19,12
PSMC5,approved,1,37,15
PSMC6,approved,1,27,15
PSMD1,approved,1,21,12
PSMD11,approved,1,23,12
PSMD12,approved,1,19,9
PSMD13,approved,1,20,10
PSMD14,approved,1,33,16
PSMD2,approved,1,22,10
PSMD3,approved,1,22,10
PSMD4,approved,1,16,9
PSMD6,approved,1,18,10
PSMD7,approved,1,19,9
PSMD8,approved,1,16,8
PSMD9,approved,1,14,10
PSME1,approved,1,13,8
PSME2,approved,1,15,8
PSMG1,approved,1,13,8
PSMG2,approved,1,8,5
PSMG3,approved,1,9,3
PSMG4,approved,1,6,2
PSTK,approved,1,3,4
PTBP1,approved,1,26,7
PTCD1,approved,1,8,4
PTCD3,approved,1,9,5
PTEN,approved,1,100,23
PTGR2,approved,1,5,3
PTK2,approved,1,71,20
PTMA,approved,1,12,9
PTMS,approved,1,5,5
PTOV1,approved,1,7,5
PTPMT1,approved,1,13,9
PTPN1,approved,1,74,14
PTPN11,approved,1,57,15
PTPN23,approved,1,23,17
PUF60,approved,1,10,6
PUM1,approved,1,24,8
PWP1,approved,1,10,10
PWP2,approved,1,10,7
PXN,approved,1,25,10
PYCR1,approved,1,12,5
PYROXD1,approved,1,12,8
PYURF,approved,1,4,3
QARS,unmapped,0,0,0
QRSL1,approved,1,9,9
R3HCC1L,approved,1,2,2
RAB11FIP5,approved,1,21,8
RAB18,approved,1,22,14
RAB4A,approved,1,22,11
RAB4B,approved,1,18,13
RAB5A,approved,1,53,15
RAB6A,approved,1,32,18
RABEP2,approved,1,11,10
RABGGTA,approved,1,14,7
RABGGTB,approved,1,15,6
RAC1,approved,1,110,28
RAC3,approved,1,43,18
RACGAP1,approved,1,39,24
RACK1,approved,1,68,13
RAD17,approved,1,22,13
RAD21,approved,1,38,15
RAD51,approved,1,65,25
RAD51C,approved,1,28,21
RAD51D,approved,1,23,18
RAD9A,approved,1,18,11
RAE1,approved,1,17,9
RAMAC,approved,1,11,6
RAN,approved,1,44,28
RANBP2,approved,1,28,15
RANGAP1,approved,1,21,11
RARS,alias->RARS1,1,17,10
RARS2,approved,1,15,9
RBBP4,approved,1,36,13
RBBP5,approved,1,14,8
RBBP6,approved,1,21,14
RBBP8,approved,1,19,15
RBM10,approved,2,10,5
RBM12,approved,1,8,4
RBM14-RBM4,approved,0,0,0
RBM15,approved,1,16,7
RBM17,approved,1,9,5
RBM18,approved,1,4,5
RBM19,approved,1,8,6
RBM25,approved,1,9,4
RBM26,approved,1,7,4
RBM28,approved,1,4,4
RBM33,approved,1,9,5
RBM39,approved,1,14,5
RBM4,approved,1,32,7
RBM42,approved,1,12,6
RBM48,approved,1,5,4
RBM4B,approved,1,14,5
RBM5,approved,1,14,7
RBM8A,approved,1,27,7
RBMX,approved,1,30,12
RBMX2,approved,1,17,8
RBMXL1,approved,1,7,4
RBX1,approved,1,104,27
RC3H2,approved,1,20,11
RCC1,approved,1,26,13
RCCD1,approved,1,4,4
RCL1,approved,1,12,7
RCOR1,approved,1,16,8
RELL2,approved,1,7,4
REV1,approved,1,23,15
REV3L,approved,1,19,12
REXO2,approved,1,14,8
RFC1,approved,1,24,15
RFC2,approved,1,18,13
RFC3,approved,1,20,12
RFC4,approved,1,19,13
RFC5,approved,1,18,13
RFFL,approved,1,24,11
RFK,approved,1,11,10
RFT1,approved,1,7,8
RGP1,approved,1,12,5
RGPD6,approved,1,7,9
RHOQ,approved,1,27,15
RHPN1,approved,1,4,2
RINT1,approved,1,9,6
RIOK1,approved,1,15,10
RIOK2,approved,1,16,8
RMI1,approved,1,9,8
RNASEH2C,approved,1,5,3
RNF10,approved,1,21,12
RNF103,approved,1,10,8
RNF113A,approved,1,14,7
RNF123,approved,1,13,6
RNF14,approved,1,26,13
RNF141,approved,1,4,3
RNF168,approved,1,33,15
RNF2,approved,1,29,12
RNF20,approved,1,26,14
RNF31,approved,1,25,7
RNF4,approved,1,27,10
RNF40,approved,1,17,10
RNF8,approved,1,38,18
RNGTT,approved,1,13,9
RNMT,approved,1,12,9
RNPC3,approved,1,10,5
RNPS1,approved,1,19,7
ROMO1,approved,1,16,9
RPA1,approved,1,36,13
RPA2,approved,1,30,12
RPA3,approved,1,16,10
RPAIN,approved,1,6,5
RPAP1,approved,1,3,3
RPAP2,approved,1,13,12
RPAP3,approved,1,5,1
RPE,approved,1,11,9
RPF1,approved,1,9,5
RPF2,approved,1,13,7
RPIA,approved,1,11,9
RPL10,approved,1,22,13
RPL10A,approved,1,21,12
RPL11,approved,1,30,15
RPL12,approved,1,21,11
RPL13,approved,1,19,12
RPL13A,approved,1,24,12
RPL14,approved,1,21,11
RPL15,approved,1,18,9
RPL17,approved,1,16,10
RPL18,approved,1,18,10
RPL18A,approved,1,15,8
RPL19,approved,1,17,10
RPL21,approved,1,16,11
RPL23,approved,1,34,16
RPL23A,approved,1,20,11
RPL24,approved,1,18,10
RPL26,approved,1,26,12
RPL26L1,approved,1,9,7
RPL27,approved,1,25,14
RPL27A,approved,1,17,11
RPL28,approved,1,20,10
RPL29,approved,1,18,12
RPL3,approved,1,16,10
RPL30,approved,1,21,12
RPL31,approved,1,18,11
RPL32,approved,1,14,8
RPL34,approved,1,17,10
RPL35,approved,1,16,11
RPL35A,approved,1,18,10
RPL36,approved,2,3,2
RPL36A,approved,1,13,8
RPL36AL,approved,1,8,6
RPL37,approved,1,17,10
RPL37A,approved,1,16,10
RPL38,approved,1,18,9
RPL39,approved,1,16,10
RPL4,approved,1,20,12
RPL41,approved,1,15,9
RPL5,approved,1,33,16
RPL6,approved,1,23,12
RPL7,approved,1,24,12
RPL7A,approved,1,22,11
RPL7L1,approved,1,7,9
RPL8,approved,1,22,12
RPL9,approved,1,19,11
RPLP0,approved,1,22,11
RPLP1,approved,1,17,9
RPLP2,approved,1,16,8
RPN1,approved,1,14,9
RPN2,approved,1,10,6
RPP14,approved,1,15,9
RPP21,approved,1,14,9
RPP30,approved,1,13,9
RPP38,approved,1,11,9
RPP40,approved,1,14,10
RPRD1B,approved,1,12,6
RPS10,approved,1,15,9
RPS10-NUDT3,approved,0,0,0
RPS11,approved,1,18,11
RPS12,approved,1,17,10
RPS13,approved,1,23,11
RPS14,approved,1,25,17
RPS15,approved,1,23,13
RPS15A,approved,1,20,11
RPS16,approved,1,22,12
RPS17,approved,1,19,11
RPS18,approved,1,19,9
RPS19,approved,1,32,17
RPS19BP1,approved,1,7,6
RPS2,approved,1,21,9
RPS20,approved,1,18,11
RPS21,approved,1,16,10
RPS23,approved,1,20,11
RPS24,approved,1,20,12
RPS25,approved,1,20,12
RPS26,approved,1,21,11
RPS27,approved,1,19,11
RPS27A,approved,1,28,17
RPS28,approved,1,23,13
RPS29,approved,1,16,9
RPS3,approved,1,72,24
RPS3A,approved,1,23,12
RPS4X,approved,1,23,11
RPS5,approved,1,25,12
RPS6,approved,1,28,12
RPS7,approved,1,28,13
RPS8,approved,1,20,12
RPS9,approved,1,22,11
RPSA,approved,1,23,17
RPTOR,approved,1,47,13
RPUSD3,approved,1,12,7
RPUSD4,approved,1,21,11
RRM1,approved,1,24,11
RRM2,approved,1,21,10
RRN3,approved,1,10,8
RRP1,approved,1,10,8
RRP12,approved,1,4,6
RRP15,approved,1,3,1
RRP7A,approved,1,18,11
RRP9,approved,1,11,6
RRS1,approved,1,15,12
RSL1D1,approved,1,11,5
RSL24D1,approved,1,5,6
RSRC1,approved,1,8,5
RSRC2,approved,1,2,1
RTCB,approved,1,20,15
RTEL1,approved,1,35,16
RTF1,approved,1,13,11
RTRAF,approved,1,16,9
RTTN,approved,1,8,6
RUVBL1,approved,1,52,21
RUVBL2,approved,1,63,23
S100A1,approved,1,19,9
S100A11,approved,1,22,9
SACM1L,approved,1,15,8
SAE1,approved,1,17,9
SAMD4B,approved,1,11,6
SAMM50,approved,1,13,7
SAP130,approved,1,9,6
SAP18,approved,1,18,7
SAP30BP,approved,1,8,5
SAP30L,approved,1,20,11
SARNP,approved,1,9,5
SARS,unmapped,0,0,0
SARS2,approved,1,12,9
SART1,approved,1,23,9
SART3,approved,1,27,10
SASS6,approved,1,13,5
SBDS,approved,1,20,15
SBNO1,approved,1,10,5
SCAF1,approved,1,6,4
SCAF8,approved,1,15,6
SCAP,approved,1,19,10
SCD,approved,1,13,5
SCFD1,approved,1,19,7
SCNM1,approved,1,13,5
SDAD1,approved,1,3,5
SDC1,approved,1,16,10
SDE2,approved,1,17,13
SDHA,approved,1,18,8
SDHAF2,approved,1,10,5
SDHC,approved,1,13,7
SDHD,approved,1,14,7
SDR39U1,approved,1,2,3
SEC13,approved,1,27,16
SEC16A,approved,1,20,10
SEC61A1,approved,1,21,9
SEC61B,approved,1,17,8
SEC61G,approved,1,15,6
SEC62,approved,1,12,7
SEC63,approved,1,11,6
SEH1L,approved,1,19,12
SEM1,approved,2,3,3
SEMA4F,approved,1,20,8
SENP6,approved,1,12,6
SEPHS2,approved,1,6,5
SEPSECS,approved,1,12,10
SERBP1,approved,1,18,6
SERF2,approved,1,3,3
SERPINB1,approved,1,17,10
SET,approved,1,20,13
SETD1A,approved,1,19,10
SETD2,approved,1,32,18
SETD5,approved,1,19,12
SETDB1,approved,1,24,10
SETX,approved,1,34,19
SF1,approved,1,19,9
SF3A1,approved,1,20,6
SF3A2,approved,1,21,6
SF3A3,approved,1,22,6
SF3B1,approved,1,36,10
SF3B2,approved,1,22,6
SF3B3,approved,1,30,9
SF3B4,approved,1,23,6
SF3B5,approved,1,23,8
SFPQ,approved,1,32,14
SFSWAP,approved,1,7,5
SFXN4,approved,1,9,4
SGPP1,approved,1,13,8
SH2D3A,approved,1,5,2
SH3KBP1,approved,1,19,9
SHC1,approved,1,29,8
SHOC2,approved,1,21,6
SHPRH,approved,1,12,10
SHQ1,approved,1,7,5
SIGLEC14,approved,1,6,4
SIN3A,approved,1,39,17
SIN3B,approved,1,17,7
SIRT7,approved,1,44,16
SKA1,approved,1,27,13
SKA3,approved,1,20,12
SKP1,approved,1,52,22
SKP2,approved,1,20,10
SLBP,approved,1,17,8
SLC16A5,approved,1,8,3
SLC1A5,approved,1,30,12
SLC25A10,approved,1,23,8
SLC25A13,approved,1,25,9
SLC25A26,approved,1,11,4
SLC25A3,approved,1,11,6
SLC25A42,approved,1,20,8
SLC2A8,approved,1,18,10
SLC35A4,approved,2,13,6
SLC35B1,approved,1,13,5
SLC35G2,approved,1,5,4
SLC35G6,approved,1,1,0
SLC39A1,approved,1,13,5
SLC39A10,approved,1,15,6
SLC39A7,approved,1,14,8
SLC39A9,approved,1,23,10
SLC44A1,approved,1,16,9
SLC4A5,approved,1,15,4
SLC7A5,approved,1,62,11
SLC7A6OS,approved,1,3,2
SLC9B1,approved,1,13,9
SLIRP,approved,1,14,7
SLU7,approved,1,23,9
SMAGP,approved,1,4,3
SMARCA5,approved,1,49,20
SMARCB1,approved,1,44,15
SMARCC1,approved,1,36,14
SMARCC2,approved,1,30,12
SMARCE1,approved,1,35,14
SMC1A,approved,1,30,18
SMC2,approved,1,26,19
SMC3,approved,1,33,19
SMC4,approved,1,25,19
SMC5,approved,1,26,12
SMC6,approved,1,27,10
SMG1,approved,1,21,12
SMG5,approved,1,17,7
SMG6,approved,1,20,11
SMG7,approved,1,14,9
SMG8,approved,1,6,2
SMG9,approved,1,10,3
SMN2,approved,1,23,10
SMNDC1,approved,1,11,6
SMU1,approved,1,10,4
SMUG1,approved,1,10,10
SMYD2,approved,1,22,10
SNAPC1,approved,1,10,8
SNAPC2,approved,1,10,6
SNAPC3,approved,1,15,7
SNAPC4,approved,1,11,7
SNAPC5,approved,1,10,6
SND1,approved,1,24,14
SNF8,approved,1,30,16
SNIP1,approved,1,17,8
SNN,approved,1,5,2
SNRK,approved,1,8,7
SNRNP200,approved,1,31,12
SNRNP25,approved,1,10,5
SNRNP27,approved,1,10,5
SNRNP35,approved,1,16,7
SNRNP40,approved,1,25,6
SNRNP48,approved,1,10,5
SNRNP70,approved,1,22,8
SNRPA,approved,1,15,7
SNRPA1,approved,1,23,7
SNRPB,approved,1,51,7
SNRPC,approved,1,19,6
SNRPD1,approved,1,44,7
SNRPD2,approved,1,41,8
SNRPD3,approved,1,53,7
SNRPE,approved,1,42,7
SNRPF,approved,1,43,7
SNRPG,approved,1,44,7
SNTB2,approved,1,13,6
SNUPN,approved,1,15,11
SNW1,approved,1,39,9
SNX15,approved,1,7,4
SNX4,approved,1,21,7
SOCS5,approved,1,19,2
SOD1,approved,1,85,27
SOD2,approved,1,55,15
SON,approved,1,12,8
SP1,approved,1,43,8
SP2,approved,1,12,8
SPAG7,approved,1,4,3
SPATA20,approved,1,3,4
SPATA5,alias->AFG2A,1,15,11
SPATA5L1,alias->AFG2B,1,20,14
SPC24,approved,1,12,10
SPC25,approved,1,10,8
SPCS2,approved,1,7,3
SPCS3,approved,1,10,3
SPDL1,approved,1,13,13
SPDYE2,approved,1,2,0
SPEN,approved,1,16,9
SPG7,approved,1,18,9
SPOUT1,approved,1,17,10
SPRTN,approved,1,21,11
SPTLC1,approved,1,15,6
SPTSSA,approved,1,13,6
SRA1,approved,1,9,7
SRBD1,approved,1,8,6
SRCAP,approved,1,18,15
SRF,approved,1,52,14
SRFBP1,approved,1,5,4
SRP14,approved,1,17,9
SRP19,approved,1,13,7
SRP54,approved,1,22,16
SRP68,approved,1,17,8
SRP72,approved,1,13,5
SRP9,approved,1,12,5
SRPRB,approved,1,9,4
SRRM1,approved,1,15,6
SRRM2,approved,1,16,5
SRRT,approved,1,15,8
SRSF1,approved,1,30,9
SRSF10,approved,1,22,8
SRSF11,approved,1,8,5
SRSF2,approved,1,18,9
SRSF3,approved,1,17,7
SRSF5,approved,1,18,7
SRSF6,approved,1,21,6
SRSF7,approved,1,15,6
SS18L2,approved,1,1,0
SSBP1,approved,1,17,9
SSBP3,approved,1,15,7
SSR4,approved,1,8,5
SSRP1,approved,1,15,11
SSU72,approved,1,12,8
SSX4,approved,1,3,3
STAG2,approved,1,18,11
STARD7,approved,1,15,9
STAT5A,approved,1,42,12
STAT5B,approved,1,36,10
STAT6,approved,1,31,9
STIL,approved,1,31,9
STK3,approved,1,30,14
STRAP,approved,1,17,8
STRIP1,approved,1,12,6
STT3A,approved,1,12,6
STT3B,approved,1,17,7
STX18,approved,1,16,8
STX5,approved,1,23,9
STXBP4,approved,1,14,4
SUDS3,approved,1,17,10
SUGP1,approved,1,7,4
SUGT1,approved,1,12,7
SUMO2,approved,1,11,5
SUPT16H,approved,1,15,10
SUPT20H,approved,1,9,5
SUPT4H1,approved,1,16,7
SUPT5H,approved,1,20,7
SUPT6H,approved,1,14,8
SUPT7L,approved,1,10,6
SUPV3L1,approved,1,30,15
SURF6,approved,1,10,9
SYF2,approved,1,15,5
SYMPK,approved,1,15,6
SYNGR3,approved,1,13,5
SYS1,approved,1,8,5
SYVN1,approved,1,28,13
TACC3,approved,1,19,10
TADA1,approved,1,9,6
TADA2A,approved,1,20,11
TADA2B,approved,1,13,7
TADA3,approved,1,22,8
TAF1,approved,1,57,19
TAF10,approved,1,37,16
TAF11,approved,1,17,10
TAF12,approved,1,24,11
TAF13,approved,1,15,10
TAF15,approved,1,11,6
TAF1A,approved,1,8,6
TAF1B,approved,1,14,8
TAF1C,approved,1,13,9
TAF1D,approved,1,6,5
TAF2,approved,1,17,11
TAF3,approved,1,19,12
TAF4,approved,1,24,10
TAF5,approved,1,16,9
TAF6,approved,1,24,11
TAF6L,approved,1,21,12
TAF7,approved,1,35,12
TAF8,approved,1,15,8
TAMM41,approved,1,7,5
TANGO6,approved,1,2,0
TARBP2,approved,1,30,8
TARDBP,approved,1,36,11
TARS,alias->TARS1,1,13,8
TARS2,approved,1,15,9
TAZ,unmapped,0,0,0
TBC1D1,approved,1,5,5
TBC1D13,approved,1,7,3
TBC1D19,approved,1,1,0
TBC1D28,approved,1,0,0
TBC1D3,approved,1,5,5
TBCA,approved,1,11,7
TBCB,approved,1,13,7
TBCC,approved,1,13,13
TBCD,approved,1,20,14
TBCE,approved,1,10,8
TBCK,approved,1,13,9
TBL3,approved,1,13,6
TBP,approved,1,38,11
TBPL1,approved,1,11,6
TBRG4,alias->FASTKD4,1,11,5
TBX1,approved,1,70,13
TCERG1,approved,1,19,7
TCOF1,approved,1,13,9
TCP1,approved,1,27,16
TDGF1,alias->CRIPTO,1,35,10
TDRD7,approved,1,14,6
TEAD3,approved,1,17,11
TEAD4,approved,1,22,10
TEFM,approved,1,11,7
TELO2,approved,1,18,9
TEN1,approved,1,10,7
TERF1,approved,1,34,11
TERF2,approved,1,40,10
TESK2,approved,1,14,10
TEX10,approved,1,8,5
TEX2,approved,1,7,7
TFAM,approved,1,18,9
TFAP4,approved,1,31,9
TFB1M,approved,1,13,11
TFB2M,approved,1,11,10
TFCP2,approved,1,17,9
TFDP1,approved,1,29,9
TFIP11,approved,1,18,10
TFPT,approved,1,20,11
TFRC,approved,1,63,15
TGS1,approved,1,15,11
THAP1,approved,1,19,8
THAP11,approved,1,16,7
THAP3,approved,1,2,1
THAP7,approved,1,17,7
THG1L,approved,1,21,11
THOC1,approved,1,13,6
THOC2,approved,1,16,9
THOC3,approved,1,7,5
THOC5,approved,1,12,8
THOC6,approved,1,9,6
THOC7,approved,1,12,7
THRAP3,approved,1,23,9
THUMPD1,approved,1,6,6
TICRR,approved,1,10,7
TIGD1,approved,1,4,3
TIMELESS,approved,1,28,13
TIMM10,approved,1,12,5
TIMM13,approved,1,7,4
TIMM17B,approved,1,7,5
TIMM22,approved,1,9,7
TIMM23B,approved,1,6,5
TIMM44,approved,1,9,4
TIMM50,approved,1,18,16
TIMM8A,approved,1,10,5
TIMM9,approved,1,11,5
TINF2,approved,1,17,6
TIPIN,approved,1,16,9
TKT,approved,1,19,11
TLCD1,approved,1,7,2
TLN1,approved,1,31,15
TM7SF2,approved,1,14,8
TMA16,approved,1,7,6
TMCO6,approved,1,4,3
TMED10,approved,1,38,11
TMED2,approved,1,30,11
TMED3,approved,1,14,6
TMEM104,alias->SLC38A12,1,4,0
TMEM127,approved,1,8,4
TMEM147,approved,1,9,7
TMEM161B,approved,1,3,1
TMEM186,approved,1,5,4
TMEM199,alias->VMA12,1,14,8
TMEM209,approved,1,4,4
TMEM214,approved,1,3,3
TMEM240,approved,1,7,2
TMEM242,approved,1,4,4
TMEM258,approved,1,12,4
TMEM41B,approved,1,10,6
TMEM79,approved,1,12,7
TMF1,approved,1,14,9
TMSB10,approved,1,6,5
TMX2,approved,1,8,6
TNFSF10,approved,1,24,8
TNNT2,approved,1,21,9
TNPO3,approved,1,12,8
TNRC6A,approved,1,13,7
TOE1,approved,1,12,9
TOMM20,approved,1,19,8
TOMM22,approved,1,10,7
TOMM40,approved,1,13,7
TONSL,approved,1,17,11
TOP1,approved,1,41,20
TOP2A,approved,1,37,20
TOP3A,approved,1,22,13
TOPBP1,approved,1,33,15
TOR2A,approved,2,6,7
TOX4,approved,1,10,6
TP53I13,approved,1,6,1
TP53RK,approved,1,15,7
TPI1,approved,1,17,11
TPP2,approved,1,14,7
TPR,approved,1,48,14
TPRKB,approved,1,8,4
TPT1,approved,1,19,8
TPX2,approved,1,21,12
TRA2B,approved,1,17,5
TRAIP,approved,1,21,13
TRAPPC1,approved,1,15,13
TRAPPC11,approved,1,11,6
TRAPPC3,approved,1,16,10
TRAPPC4,approved,1,23,14
TRAPPC5,approved,1,13,9
TRAPPC6A,approved,1,12,7
TRAPPC8,approved,1,10,6
TREML2,approved,1,5,3
TREX2,approved,1,14,8
TRIAP1,approved,1,17,8
TRIB3,approved,1,29,10
TRIM35,approved,1,10,7
TRIM49C,approved,1,6,5
TRIP4,approved,1,25,11
TRMT1,approved,1,12,9
TRMT10C,approved,1,24,11
TRMT112,approved,1,24,12
TRMT5,approved,1,9,8
TRMT6,approved,1,7,6
TRNP1,approved,1,7,5
TRNT1,approved,1,21,12
TRPC4AP,approved,1,13,6
TRPM7,approved,1,30,12
TRRAP,approved,1,20,8
TSEN2,approved,1,11,8
TSEN34,approved,1,8,8
TSEN54,approved,1,7,5
TSFM,approved,1,9,5
TSG101,approved,1,46,17
TSPYL5,approved,1,11,6
TSR1,approved,1,11,10
TSR2,approved,1,4,3
TSSK3,approved,1,10,8
TTBK2,approved,1,29,16
TTC1,approved,1,10,8
TTC27,approved,1,1,0
TTC4,approved,1,10,8
TTF2,approved,1,12,10
TTI1,approved,1,11,2
TTI2,approved,1,4,2
TTK,approved,1,24,13
TUBA1B,approved,1,19,12
TUBA1C,approved,1,19,12
TUBA3D,approved,1,13,12
TUBB,approved,1,38,20
TUBB2A,approved,1,22,14
TUBD1,approved,1,15,8
TUBE1,approved,1,12,6
TUBG1,approved,1,37,19
TUBGCP2,approved,1,19,13
TUBGCP3,approved,1,22,11
TUBGCP4,approved,1,20,13
TUBGCP5,approved,1,16,10
TUBGCP6,approved,1,16,10
TUFM,approved,1,16,10
TULP1,approved,1,19,9
TUT1,approved,1,20,11
TVP23C,approved,1,5,3
TWF1,approved,1,24,7
TWF2,approved,1,30,7
TWISTNB,alias->POLR1F,1,11,5
TWNK,approved,1,19,14
TWSG1,approved,1,12,5
TXN,approved,1,19,11
TXNDC16,approved,1,4,3
TXNL4A,approved,1,12,5
TXNL4B,approved,1,11,5
TYK2,approved,1,31,12
U2AF1,approved,1,16,5
U2AF2,approved,1,22,7
U2SURP,approved,1,7,4
UBA1,approved,1,19,18
UBA2,approved,1,16,7
UBA3,approved,1,14,8
UBA5,approved,1,19,14
UBA52,approved,1,28,19
UBAP1,approved,1,11,8
UBC,approved,1,19,15
UBE2D3,approved,1,23,13
UBE2H,approved,1,9,5
UBE2I,approved,1,37,18
UBE2L3,approved,1,28,12
UBE2M,approved,1,17,8
UBE2N,approved,1,34,18
UBE2Z,approved,1,10,8
UBE3C,approved,1,8,4
UBE3D,approved,1,15,8
UBL5,approved,1,9,6
UBQLN4,approved,1,25,8
UBR4,approved,1,34,14
UBR5,approved,1,33,12
UBTF,approved,1,15,10
UCHL5,approved,1,22,15
UFL1,approved,1,41,15
UFM1,approved,1,12,5
UHRF1,approved,1,43,22
UMPS,approved,1,13,8
UNC45A,approved,1,10,6
UNC50,approved,1,6,5
UNCX,approved,1,8,6
UNK,approved,1,8,4
UPF1,approved,1,46,18
UPF2,approved,1,14,7
UPF3A,approved,1,16,8
UPF3B,approved,1,16,7
UQCC2,approved,1,11,4
UQCRB,approved,1,9,3
UQCRC1,approved,1,18,7
UQCRC2,approved,1,11,6
UQCRFS1,approved,1,14,9
UQCRH,approved,1,11,7
UQCRQ,approved,1,13,5
URB1,approved,1,5,5
URB2,approved,1,4,4
URI1,approved,1,23,8
URM1,approved,1,10,6
UROD,approved,1,10,6
UROS,approved,1,12,5
USF2,approved,1,21,8
USP10,approved,1,26,17
USP14,approved,1,24,11
USP19,approved,1,17,7
USP28,approved,1,17,10
USP36,approved,1,21,10
USP37,approved,1,14,9
USP39,approved,1,18,8
USP5,approved,1,20,8
USP7,approved,1,39,12
USP8,approved,1,30,12
USP9X,approved,1,44,22
USPL1,approved,1,9,9
UTP11,approved,1,12,8
UTP15,approved,1,13,7
UTP18,approved,1,11,6
UTP20,approved,1,16,6
UTP23,approved,1,9,5
UTP25,approved,1,14,8
UTP3,approved,1,10,7
UTP6,approved,1,12,7
UXS1,approved,1,14,9
UXT,approved,1,20,11
VAPB,approved,1,34,10
VARS,alias->VARS1,1,10,7
VARS2,approved,1,10,8
VBP1,approved,1,13,8
VCP,approved,1,99,28
VEZT,approved,1,9,8
VHL,approved,1,38,15
VIM,approved,1,33,13
VMP1,approved,1,20,10
VPS13D,approved,1,10,10
VPS18,approved,1,35,16
VPS25,approved,1,16,13
VPS28,approved,1,21,11
VPS29,approved,1,15,7
VPS33A,approved,1,28,12
VPS35,approved,1,71,17
VPS37A,approved,1,14,10
VPS37C,approved,1,15,11
VPS41,approved,1,33,14
VPS51,approved,1,19,8
VPS54,approved,1,57,17
VPS72,approved,1,19,10
WAC,approved,1,15,7
WARS,alias->WARS1,1,20,11
WBP1,approved,1,2,0
WBP11,approved,1,11,7
WBP1L,approved,1,4,1
WBP4,approved,1,14,5
WDFY3,approved,1,17,8
WDHD1,approved,1,10,9
WDR1,approved,1,28,14
WDR12,approved,1,13,5
WDR18,approved,1,11,6
WDR24,approved,1,15,7
WDR25,approved,1,1,0
WDR26,approved,1,8,6
WDR3,approved,1,8,6
WDR33,approved,1,8,8
WDR36,approved,1,8,6
WDR4,approved,1,11,7
WDR43,approved,1,18,9
WDR44,approved,1,10,7
WDR46,approved,1,7,6
WDR5,approved,1,25,12
WDR54,approved,1,10,4
WDR55,approved,1,4,5
WDR61,alias->SKIC8,1,13,8
WDR7,approved,1,3,0
WDR70,approved,1,7,5
WDR74,approved,1,9,5
WDR75,approved,1,11,7
WDR77,approved,1,18,12
WDR82,approved,1,18,7
WDR83OS,approved,1,8,7
WDR92,alias->DNAAF10,1,6,4
WDTC1,approved,1,14,6
WEE1,approved,1,15,8
WNK1,approved,1,53,18
WTAP,approved,1,11,5
XAB2,approved,1,17,8
XPO1,approved,1,30,12
XPO5,approved,1,19,9
XRCC1,approved,1,27,12
XRCC2,approved,1,19,17
XRCC3,approved,1,31,17
XRCC5,approved,1,54,24
XRCC6,approved,1,53,21
XRN1,approved,1,31,10
XRN2,approved,1,24,15
YAE1,approved,1,4,3
YARS,alias->YARS1,1,19,12
YARS2,approved,1,16,9
YBX1,approved,1,40,10
YBX3,approved,1,22,6
YEATS2,approved,1,19,10
YEATS4,approved,1,20,11
YIPF6,approved,1,12,5
YJEFN3,approved,1,9,7
YKT6,approved,1,30,15
YPEL1,approved,1,1,2
YPEL5,approved,1,13,7
YRDC,approved,1,13,8
YTHDC1,approved,1,17,11
YY1,approved,1,60,18
ZBTB11,approved,1,7,7
ZBTB14,approved,1,14,7
ZBTB17,approved,1,21,6
ZBTB34,approved,1,10,7
ZBTB4,approved,1,18,7
ZBTB41,approved,1,4,5
ZBTB44,approved,1,2,2
ZBTB48,approved,1,17,9
ZC2HC1A,approved,1,1,0
ZC3H13,approved,1,9,5
ZC3H18,approved,1,11,5
ZC3H3,approved,1,7,3
ZC3H4,approved,1,15,8
ZC3H8,approved,1,24,11
ZC3HAV1,approved,1,16,9
ZCCHC9,approved,1,6,5
ZCRB1,approved,1,10,6
ZDHHC12,approved,1,13,8
ZDHHC4,approved,1,11,8
ZDHHC7,approved,1,22,11
ZFC3H1,approved,1,7,4
ZFP62,approved,1,4,4
ZFP69B,approved,1,8,6
ZFR,approved,1,9,4
ZHX3,approved,1,12,7
ZKSCAN1,approved,1,8,5
ZKSCAN2,approved,1,7,5
ZKSCAN3,approved,1,19,7
ZMAT2,approved,1,9,4
ZMAT5,approved,1,12,5
ZMYM4,approved,1,3,1
ZNF100,approved,1,6,5
ZNF131,alias->ZBTB35,1,14,10
ZNF133,approved,1,9,5
ZNF143,approved,1,14,8
ZNF16,approved,1,15,7
ZNF174,approved,1,15,8
ZNF207,approved,1,17,13
ZNF219,approved,1,17,9
ZNF22,approved,1,9,7
ZNF236,approved,1,6,5
ZNF24,approved,1,13,7
ZNF25,approved,1,9,6
ZNF251,approved,1,6,5
ZNF253,approved,1,7,5
ZNF280C,approved,1,6,5
ZNF282,approved,1,8,5
ZNF284,approved,1,6,6
ZNF292,approved,1,6,5
ZNF317,approved,1,7,6
ZNF32,approved,1,6,5
ZNF324,approved,1,7,6
ZNF335,approved,1,17,9
ZNF397,approved,1,7,5
ZNF407,approved,1,6,5
ZNF410,approved,1,14,7
ZNF444,approved,1,7,7
ZNF462,approved,1,6,6
ZNF468,approved,1,5,5
ZNF492,approved,1,7,5
ZNF496,approved,1,8,5
ZNF506,approved,1,6,6
ZNF507,approved,1,4,5
ZNF514,approved,1,5,5
ZNF526,approved,1,2,2
ZNF530,approved,1,9,6
ZNF543,approved,1,6,5
ZNF559,approved,1,7,6
ZNF574,approved,1,9,6
ZNF627,approved,1,6,5
ZNF628,approved,1,9,6
ZNF641,approved,1,7,7
ZNF658,approved,1,8,5
ZNF670,approved,1,7,6
ZNF674,approved,1,6,6
ZNF676,approved,1,5,5
ZNF687,approved,1,6,5
ZNF706,approved,1,5,3
ZNF714,approved,1,5,5
ZNF718,approved,1,5,5
ZNF720,alias->KRABD5,1,6,5
ZNF740,approved,1,8,6
ZNF763,approved,1,7,5
ZNF768,approved,1,10,8
ZNF777,approved,1,10,6
ZNF783,approved,1,6,5
ZNF784,approved,1,7,5
ZNF786,approved,1,5,4
ZNF787,approved,1,5,5
ZNF821,approved,1,7,6
ZNF830,approved,1,14,10
ZNF84,approved,1,6,5
ZNHIT1,approved,1,19,12
ZNHIT2,approved,1,1,0
ZNHIT3,approved,1,8,5
ZNHIT6,approved,1,12,5
ZNRD1,alias->POLR1H,1,15,8
ZRANB2,approved,1,6,5
ZRANB3,approved,1,18,13
ZRSR2,approved,1,15,6
ZW10,approved,1,30,18
ZWINT,approved,1,15,11
