held_out,shape,arm,targets,pds_proxy,reach_proxy,prec_200,yield_200,mse_ratio,energy_kept,pds_minus_base,pds_minus_base_ci95,reach_minus_base,reach_minus_base_ci95
k562,t16,base,271,0.7558835588355884,0.09780703948428769,0.5288560885608856,0.5282457671147109,1.071458248084182,1.0,0.0,"[0.0, 0.0]",0.0,"[0.0, 0.0]"
k562,t16,stack_r10,271,0.5474921415880826,0.050382050095925245,0.5070664206642067,0.5065335475935404,1.0114162292319135,0.34001559019088745,-0.20839141724750584,"[-0.2448284816181495, -0.17254305043050433]",-0.04742498938836245,"[-0.0664340123580565, -0.027495150991710553]"
k562,t16,half_stack_r10,271,0.7193248599152658,0.09679303730975597,0.5261992619926199,0.5255723524977185,1.021717292477765,0.5802659392356873,-0.036558698920322534,"[-0.047698851988519884, -0.025173910072434056]",-0.001014002174531735,"[-0.006658446428871149, 0.0045359890188600115]"
k562,t16,self_r10,271,0.5520568539018724,0.03664321036382121,0.5057933579335793,0.5053545212871483,1.0192070356751308,0.5028141140937805,-0.203826704933716,"[-0.2379059040590406, -0.1698633319666531]",-0.06116382912046648,"[-0.07867238213791555, -0.04450448588796207]"
k562,t16,random_r10,271,0.5480251469181359,0.04089163651335562,0.49953874538745385,0.4989543222724338,1.0000702474588716,0.02791789174079895,-0.2078584119174525,"[-0.256160311603116, -0.15833845838458385]",-0.05691540297093207,"[-0.07529801204539577, -0.038661952978004746]"
k562,t16,stack_r20,271,0.5607626076260762,0.05058714743098986,0.5081918819188191,0.5076694573397347,1.0138826111537433,0.36990731954574585,-0.19512095120951212,"[-0.22975365586989205, -0.1623059313926473]",-0.04721989205329783,"[-0.06514298949166454, -0.029851432316201208]"
k562,t16,half_stack_r20,271,0.7186825201585348,0.0947889010364945,0.526070110701107,0.525432752714624,1.023434982837579,0.5938218832015991,-0.03720103867705343,"[-0.04883217165504988, -0.02565258985923193]",-0.0030181384477932106,"[-0.009834201089311947, 0.00292534934298325]"
k562,t16,self_r20,271,0.5735684023506902,0.040293699436285725,0.5063468634686347,0.5057669721858509,1.0273536550312772,0.5987984538078308,-0.18231515648489818,"[-0.2157612409457428, -0.15084734180675144]",-0.05751334004800197,"[-0.07539265965206662, -0.04016686505028792]"
k562,t16,random_r20,271,0.5437747710810441,0.033592294881464015,0.502250922509225,0.5016929034961991,1.0001571235995308,0.0389828085899353,-0.2121087877545442,"[-0.2563355883558836, -0.16707052070520712]",-0.06421474460282367,"[-0.08269906398379798, -0.046526694707748686]"
k562,t16,stack_r40,271,0.5613912805794724,0.038262562228060654,0.5074169741697416,0.5069258950654023,1.022356397854808,0.46479612588882446,-0.19449227825611587,"[-0.22547867978679786, -0.1626011343446768]",-0.059544477256227045,"[-0.07852430826700248, -0.0424122944054627]"
k562,t16,half_stack_r40,271,0.7106464397977313,0.09257570334046898,0.5275461254612547,0.5269557856868892,1.0293394965790297,0.6418942213058472,-0.04523711903785704,"[-0.05697792811261446, -0.03449466994669947]",-0.00523133614381871,"[-0.01384951643177026, 0.0039557514514751875]"
k562,t16,self_r40,271,0.6142954762880962,0.04033096156966354,0.5112361623616236,0.5106405983414672,1.0360784697719982,0.7036078572273254,-0.14158808254749214,"[-0.17027675276752768, -0.11317411507448408]",-0.05747607791462416,"[-0.07365360941152732, -0.04202024788585224]"
k562,t16,random_r40,271,0.5650676506765068,0.03474778289180305,0.5033025830258302,0.502779681954602,1.0003752849018006,0.05576330050826073,-0.1908159081590816,"[-0.2354571545715457, -0.14381303813038132]",-0.06305925659248464,"[-0.08184517081029367, -0.0468020337962793]"
k562,t16,stack_r80,271,0.5900369003690036,0.050532011481146055,0.5089114391143912,0.5083681175521434,1.0331625511585982,0.5714626312255859,-0.16584665846658467,"[-0.1951968019680197, -0.13738759054257213]",-0.047275028003141636,"[-0.0648456808270896, -0.029985762913777667]"
k562,t16,half_stack_r80,271,0.7100724340576741,0.0926188347194517,0.5270479704797049,0.5264419579679668,1.0374830676551028,0.7035105228424072,-0.045811124777914436,"[-0.05679957632909661, -0.03532492824928251]",-0.005188204764835982,"[-0.013636752184718015, 0.003370195496420539]"
k562,t16,self_r80,271,0.6484488178215116,0.055038045784643955,0.5182472324723248,0.5176255472232142,1.046897756156646,0.8110446333885193,-0.10743474101407681,"[-0.13057434741014076, -0.08522550225502255]",-0.04276899369964374,"[-0.05648063160577914, -0.029974290883331946]"
k562,t16,random_r80,271,0.5466037993713271,0.03119255823599331,0.5013468634686347,0.5007895787913103,1.0008244119385359,0.08039258420467377,-0.2092797594642613,"[-0.2524617329506629, -0.1682205822058221]",-0.06661448124829439,"[-0.08449524869674323, -0.05088681993484277]"
k562,t16,stack_r160,271,0.6410277436107694,0.06067704132179627,0.5150369003690036,0.5144099908741023,1.0473650197040834,0.6903043389320374,-0.1148558152248189,"[-0.13955446221128878, -0.08965217985513191]",-0.03712999816249143,"[-0.050049907055472555, -0.024067539919829607]"
k562,t16,half_stack_r160,271,0.7207052070520705,0.09172695793162691,0.5255166051660517,0.524900144162732,1.0483509695030224,0.7793528437614441,-0.03517835178351784,"[-0.045210810441437745, -0.02483189831898319]",-0.0060800815526607715,"[-0.013012599397879665, 0.0012916426166771685]"
k562,t16,self_r160,271,0.7150061500615007,0.08650013826719048,0.5246309963099631,0.5240040868150618,1.0598458366147092,0.9225612282752991,-0.04087740877408774,"[-0.05674559245592455, -0.026444581112477786]",-0.011306901217097222,"[-0.019827543915658705, -0.0024991336010142607]"
k562,t16,random_r160,271,0.5831624982916497,0.0368869177542929,0.5022878228782288,0.5017309053687552,1.001577892646095,0.11164595931768417,-0.17272106054393876,"[-0.21091055077217435, -0.1351776684433511]",-0.06092012172999481,"[-0.07812021379200756, -0.04521062124391347]"
k562,t19,base,271,0.7768621019543529,0.10556594036801357,0.5341328413284133,0.5334712323657533,1.0820253935687574,1.0,0.0,"[0.0, 0.0]",0.0,"[0.0, 0.0]"
k562,t19,stack_r10,271,0.5548175481754818,0.03575767844054945,0.5054981549815498,0.5049496091735112,1.0242129951768095,0.44049376249313354,-0.22204455377887114,"[-0.25531091977586445, -0.18680880142134756]",-0.06980826192746413,"[-0.08791892225396049, -0.05257112184580412]"
k562,t19,half_stack_r10,271,0.7402897362306957,0.1015802675722293,0.5323247232472325,0.5316716925233768,1.0325916203602536,0.6289092302322388,-0.03657236572365724,"[-0.047370507038403724, -0.025911575782424492]",-0.003985672795784284,"[-0.011724942217842387, 0.0044555217847853405]"
k562,t19,self_r10,271,0.5568402350690173,0.03404923114317708,0.5038560885608856,0.5033075427528468,1.0267119211809184,0.5308634042739868,-0.2200218668853355,"[-0.2575949842831762, -0.18009430094300946]",-0.0715167092248365,"[-0.08949271583182866, -0.05420783211385298]"
k562,t19,random_r10,271,0.4880962142954762,0.035621376829589414,0.5008671586715867,0.5003318784786994,1.0001467476185453,0.028167374432086945,-0.2887658876588766,"[-0.3354387043870439, -0.24083264999316661]",-0.06994456353842415,"[-0.08880928756377393, -0.05214916860086857]"
k562,t19,stack_r20,271,0.5629356293562936,0.036748333674440296,0.5074538745387454,0.5069105529764975,1.0277708940653278,0.48661643266677856,-0.2139264725980593,"[-0.24768381850485174, -0.18089312559792262]",-0.06881760669357327,"[-0.08639589972066891, -0.051850697704712755]"
k562,t19,half_stack_r20,271,0.7379527128604619,0.10188145405225237,0.5319003690036901,0.531263011017207,1.0351456268388837,0.6539093255996704,-0.03890938909389094,"[-0.049447519475194754, -0.02833094164274976]",-0.0036844863157612048,"[-0.011695811389012786, 0.004129235676257633]"
k562,t19,self_r20,271,0.5814404810714774,0.04268618961676436,0.5073616236162362,0.5067347141213348,1.03613160255602,0.6306061148643494,-0.19542162088287549,"[-0.22989100724340575, -0.1619628946289463]",-0.06287975075124921,"[-0.08111999690150268, -0.044757217122118484]"
k562,t19,random_r20,271,0.5657099904332377,0.03565796454315124,0.5016420664206642,0.5010627772589027,1.0002022397149097,0.039588332176208496,-0.21115211152111524,"[-0.2572088970889709, -0.16146542298756328]",-0.06990797582486234,"[-0.08670367566700263, -0.052939026230248556]"
k562,t19,stack_r40,271,0.573486401530682,0.0407256018385796,0.5083025830258303,0.5077331402346281,1.0350102477790841,0.5461441278457642,-0.2033757004236709,"[-0.23452439524395247, -0.16954865381987155]",-0.06484033852943397,"[-0.08329622586425667, -0.047744086752852945]"
k562,t19,half_stack_r40,271,0.7327046603799371,0.10268462614088633,0.5307011070110702,0.5300428520414237,1.0403935914263562,0.6882616877555847,-0.04415744157441574,"[-0.055557947246139126, -0.0334419844198442]",-0.0028813142271272366,"[-0.009490395777414428, 0.0036323327575031083]"
k562,t19,self_r40,271,0.6209512095120951,0.04715654195366807,0.513690036900369,0.51301610919335,1.0468694765556608,0.7327393889427185,-0.15591089244225773,"[-0.18669434194341944, -0.12586989203225366]",-0.0584093984143455,"[-0.07500547334298058, -0.043414961572576106]"
k562,t19,random_r40,271,0.5612682793494601,0.040727017546761106,0.49872693726937267,0.4981684592965333,1.0004659913661746,0.05674460902810097,-0.21559382260489274,"[-0.261694000273336, -0.17018928522618565]",-0.06483892282125246,"[-0.08346074330818441, -0.04731229403989947]"
k562,t19,stack_r80,271,0.6084187508541753,0.05294448423217182,0.5121033210332103,0.5114450660635639,1.047972666096586,0.6549804210662842,-0.1684433511001777,"[-0.19814336476698102, -0.13739203225365587]",-0.05262145613584174,"[-0.06782606610926079, -0.037829482524248656]"
k562,t19,half_stack_r80,271,0.7365313653136533,0.10160577592103219,0.5311439114391144,0.5304804322236771,1.0503161977594864,0.7561442255973816,-0.04033073664069974,"[-0.05073151564848982, -0.029737939046057135]",-0.003960164446981376,"[-0.010934652749224899, 0.0025737415473205015]"
k562,t19,self_r80,271,0.6695776957769577,0.06861549336394221,0.519040590405904,0.518366662698885,1.0589540883675947,0.8335759043693542,-0.10728440617739511,"[-0.1334840098400984, -0.0818327183271833]",-0.036950447004071366,"[-0.04885416705813211, -0.025745880946016406]"
k562,t19,random_r80,271,0.5795271286046193,0.031926483168391945,0.5023985239852399,0.5018411475159528,1.0008919956432263,0.07938632369041443,-0.1973349733497335,"[-0.23991936586032533, -0.151836135028017]",-0.07363945719962163,"[-0.09133334423058478, -0.057589532222392735]"
k562,t19,stack_r160,271,0.671026376930436,0.06522963477077394,0.5210516605166051,0.5203934055469587,1.062186412267963,0.760793149471283,-0.1058357250239169,"[-0.13120814541478745, -0.08126007926745935]",-0.04033630559723964,"[-0.053612936995774865, -0.026413234883454907]"
k562,t19,half_stack_r160,271,0.7479841465081317,0.09743162769296422,0.5332841328413284,0.5326206536258911,1.0614159444736966,0.8271054029464722,-0.02887795544622113,"[-0.038308391417247505, -0.01947519475194752]",-0.00813431267504936,"[-0.014851896606629519, -0.0011724397977036607]"
k562,t19,self_r160,271,0.7311739784064507,0.09597091208000086,0.5267343173431733,0.5260551653903635,1.0719961919060945,0.9337489604949951,-0.04568812354790214,"[-0.06292537925379253, -0.029875290419570866]",-0.00959502828801272,"[-0.018734595998444473, 0.0002181170633143021]"
k562,t19,random_r160,271,0.5815224818914857,0.04162417030536154,0.4977121771217712,0.49715480065248424,1.0019560141472648,0.11269740015268326,-0.19533962006286731,"[-0.2385783107831078, -0.15206983736504032]",-0.06394177006265203,"[-0.08145041130765966, -0.04636888613303562]"
cd4_mix,t16,base,292,0.6718683801722921,0.004712062324905056,0.5160102739726027,0.2127481868273892,1.4273271645513714,1.0,0.0,"[0.0, 0.0]",0.0,"[0.0, 0.0]"
cd4_mix,t16,stack_r10,292,0.5131572753377583,0.00411163533549787,0.5061815068493151,0.20433432162556597,1.12331049607044,0.4986800253391266,-0.1587111048345337,"[-0.19255784258343928, -0.12759291295956318]",-0.0006004269894071875,"[-0.0031090069930390127, 0.00224138629767615]"
cd4_mix,t16,half_stack_r10,292,0.6424233865273267,0.005007213749500144,0.5139212328767123,0.20544285378351002,1.1924536454658943,0.6606976985931396,-0.0294449936449654,"[-0.03782598973779598, -0.021453831850491926]",0.0002951514245950872,"[-0.000257099556636178, 0.0008773150701968742]"
cd4_mix,t16,self_r10,292,0.49378618839147015,0.0032130230795811006,0.5016095890410958,0.2037721016848607,1.1716979342520195,0.5996885299682617,-0.1780821917808219,"[-0.21126488725697876, -0.14380913712752436]",-0.0014990392453239564,"[-0.0034890985606630554, 0.0002909877723311881]"
cd4_mix,t16,random_r10,292,0.5121451772348539,0.0020834457341646646,0.5017465753424657,0.18802420628133937,1.000426386038262,0.027720492333173752,-0.15972320293743822,"[-0.20436467306877557, -0.11628536459068868]",-0.002628616590740392,"[-0.004340285973177107, -0.0011366268164346887]"
cd4_mix,t16,stack_r20,292,0.5246669491126488,0.0046534777263526365,0.5052054794520549,0.20318676765178686,1.1400397927104484,0.5321913957595825,-0.1472014310596432,"[-0.17799127948029939, -0.11744662947794567]",-5.858459855242018e-05,"[-0.0030072649443945083, 0.0037401636109565747]"
cd4_mix,t16,half_stack_r20,292,0.6428588240832274,0.005163925049370971,0.5125856164383561,0.2050559058776609,1.2045355668141156,0.680022120475769,-0.02900955608906464,"[-0.03754207268276608, -0.020347585086852134]",0.000451862724465914,"[-0.00013255692862891412, 0.001079182619455997]"
cd4_mix,t16,self_r20,292,0.5113684507837876,0.0021917460803787636,0.5023287671232876,0.2036967334655499,1.215915446414054,0.6794677376747131,-0.16049992938850444,"[-0.19039212917196252, -0.12936555571247002]",-0.002520316244526293,"[-0.0043404420990543185, -0.0010520598471441345]"
cd4_mix,t16,random_r20,292,0.5245728004519136,0.002836874337184687,0.4991780821917808,0.18757895197921357,1.0006833832827615,0.03847125545144081,-0.14729557972037846,"[-0.1905392364543614, -0.1053908934707904]",-0.00187518798772037,"[-0.0035970276735145823, -0.00047407165253314184]"
cd4_mix,t16,stack_r40,292,0.5284682012898366,0.0027849363854118335,0.5047773972602739,0.20250418544926083,1.1673984037284362,0.5844250917434692,-0.1434001788824554,"[-0.17307083509862073, -0.11480840747540368]",-0.001927125939493224,"[-0.003706832002016622, -0.00026483291057767826]"
cd4_mix,t16,half_stack_r40,292,0.6391752577319587,0.0052934739406808535,0.5125000000000001,0.2048806102073304,1.2244952262267554,0.711457371711731,-0.03269312244033329,"[-0.04205032245916302, -0.023772536835663514]",0.0005814116157757966,"[-5.055192195136714e-06, 0.001255853915752662]"
cd4_mix,t16,self_r40,292,0.5408840559243046,0.0032717552846803282,0.5024828767123288,0.20258325485204712,1.2617054270644878,0.7582297325134277,-0.13098432424798756,"[-0.15894677070093677, -0.1028047474462176]",-0.0014403070402247288,"[-0.0031535682431012924, -2.481050720466831e-05]"
cd4_mix,t16,random_r40,292,0.5369886550863814,0.001953109036971921,0.49967465753424656,0.18770646409637148,1.0014148994031022,0.05596008524298668,-0.13487972508591065,"[-0.17739402391375983, -0.09391034693781483]",-0.002758953287933136,"[-0.004577205646348759, -0.0012903075029821905]"
cd4_mix,t16,stack_r80,292,0.5586781528032764,0.003119649196650695,0.5051027397260275,0.20247187517573798,1.2269563759420024,0.681771457195282,-0.11319022736901568,"[-0.13697600386009512, -0.08868509626700563]",-0.001592413128254362,"[-0.0034871740600262973, 0.00014202654491882722]"
cd4_mix,t16,half_stack_r80,292,0.6426705267617568,0.0050968524333694,0.5130308219178082,0.2051829134576951,1.268914296207608,0.7736981511116028,-0.029197853410535234,"[-0.03784776161559101, -0.020935131572753382]",0.0003847901084643437,"[-0.00047943005424581404, 0.0011981417279660002]"
cd4_mix,t16,self_r80,292,0.5810384597279104,0.0030089118811675434,0.5072945205479452,0.2040075210819108,1.3124808444463534,0.8414967656135559,-0.09082992044438168,"[-0.11289601280421785, -0.06908511038930473]",-0.0017031504437375127,"[-0.0033630390797019715, -0.00045276824307304914]"
cd4_mix,t16,random_r80,292,0.5241255943134209,0.0020346418778842573,0.4984931506849315,0.18688831557075453,1.002888296053481,0.07933281362056732,-0.14774278585887116,"[-0.18803988372640398, -0.10736124841124135]",-0.0026774204470208,"[-0.004500058903131985, -0.0013038748870145122]"
cd4_mix,t16,stack_r160,292,0.6024102057148236,0.003956498089497883,0.5112671232876713,0.2035684756175167,1.270385423629023,0.751050591468811,-0.06945817445746834,"[-0.09056630419432285, -0.04856864614225863]",-0.0007555642354071733,"[-0.0023586420828149, 0.0006151252162088473]"
cd4_mix,t16,half_stack_r160,292,0.65247375606082,0.004861584100515942,0.5152910958904109,0.2057313413576324,1.301900633889566,0.8204010128974915,-0.01939462411147202,"[-0.027044202796215226, -0.011967471637715959]",0.0001495217756108849,"[-0.001045751898400433, 0.0011179151355834435]"
cd4_mix,t16,self_r160,292,0.6267358659323071,0.003718872331348915,0.5123116438356163,0.20661317898034173,1.371899579977077,0.9278817772865295,-0.04513251423998493,"[-0.05864402391375983, -0.0320752718542579]",-0.0009931899935561417,"[-0.002184683822047687, -5.99914182312528e-05]"
cd4_mix,t16,random_r160,292,0.5687638280845455,0.0024340780338319356,0.4982534246575343,0.18652794831738756,1.0056022151831638,0.1131562888622284,-0.10310455208774655,"[-0.1430088735112743, -0.06292425740243847]",-0.0022779842910731216,"[-0.004000225200337423, -0.0008906632486854234]"
cd4_mix,t19,base,292,0.6861319022736901,0.0072159465297227336,0.5223972602739726,0.21712020724354797,1.2617633493862148,1.0,0.0,"[0.0, 0.0]",0.0,"[0.0, 0.0]"
cd4_mix,t19,stack_r10,292,0.5096737748905522,0.004566054423994777,0.5033219178082192,0.20472999347429205,1.0307856400992674,0.32457828521728516,-0.17645812738313799,"[-0.20731858729934566, -0.14585893000047076]",-0.002649892105727958,"[-0.005319820324104148, -0.00030086456768107405]"
cd4_mix,t19,half_stack_r10,292,0.6559925622558019,0.0077275266340932226,0.5198287671232875,0.20952579425687418,1.0811533093838417,0.5736001133918762,-0.030139340017888244,"[-0.03826025043543756, -0.02205402956267947]",0.0005115801043704874,"[-0.00011954181452416105, 0.0012637200603987547]"
cd4_mix,t19,self_r10,292,0.4983994727674999,0.0036268937154094296,0.5025342465753425,0.20433203304607267,1.0677464219739379,0.48277828097343445,-0.18773242950619023,"[-0.22187838346749514, -0.15303835381066705]",-0.0035890528143133053,"[-0.006145357897871452, -0.0011145531582266775]"
cd4_mix,t19,random_r10,292,0.5345054841594878,0.0018803908092394016,0.502859589041096,0.18941610476439183,1.0002424873403464,0.02726043574512005,-0.15162641811420233,"[-0.19467618744998352, -0.10891205338229074]",-0.005335555720483332,"[-0.008024891684998257, -0.0030833895459892926]"
cd4_mix,t19,stack_r20,292,0.5201242762321706,0.004250436775446035,0.5047945205479453,0.20533854708279128,1.043283625655396,0.3812215328216553,-0.16600762604151958,"[-0.19888934001788824, -0.13369845360824745]",-0.002965509754276699,"[-0.0056692803015412985, -0.0007429833150174808]"
cd4_mix,t19,half_stack_r20,292,0.6539212917196253,0.007180198743644918,0.5200856164383562,0.20962973885189712,1.0902654123969413,0.5991657376289368,-0.03221061055406487,"[-0.04064897848703102, -0.023688979899260942]",-3.574778607781607e-05,"[-0.0009010809464758437, 0.0007914485765999159]"
cd4_mix,t19,self_r20,292,0.5165466271242292,0.0033697968503056774,0.5044178082191781,0.2049252616074893,1.0983080241080427,0.5840663313865662,-0.169585275149461,"[-0.20273001694675893, -0.13504419102763263]",-0.0038461496794170574,"[-0.006475479032608072, -0.00171487422080888]"
cd4_mix,t19,random_r20,292,0.5317516358329802,0.0021358632668598285,0.4975684931506849,0.18650432076557694,1.0005289040834398,0.04057220742106438,-0.1543802664407099,"[-0.19921474132655462, -0.11188067834110063]",-0.005080083262862906,"[-0.007476805280437328, -0.002925661843055526]"
cd4_mix,t19,stack_r40,292,0.5366120604434402,0.003720806427749192,0.5087157534246576,0.20479485189783053,1.0678786842455137,0.4706588685512543,-0.14951984183024997,"[-0.177905957256508, -0.1210707644871252]",-0.0034951401019735423,"[-0.005831494972986378, -0.0014226322440842574]"
cd4_mix,t19,half_stack_r40,292,0.6545214894318129,0.0069504737074713736,0.5188698630136988,0.20902522483146233,1.1084374705594902,0.6450893878936768,-0.03161041284187733,"[-0.04060484630231135, -0.023077307819046277]",-0.0002654728222513613,"[-0.0011081136934231498, 0.00039758637903750815]"
cd4_mix,t19,self_r40,292,0.5532646048109966,0.0036732741390668126,0.5054280821917808,0.20467502056494674,1.133226673252419,0.6889914870262146,-0.13286729746269357,"[-0.16378512921903687, -0.10387451160382247]",-0.003542672390655922,"[-0.006082476041090351, -0.0014813376896736618]"
cd4_mix,t19,random_r40,292,0.5318693216588994,0.002268273648358769,0.5006506849315069,0.18744704173044072,1.000928261145115,0.05603683367371559,-0.15426258061479073,"[-0.19993291907922608, -0.10888822200254204]",-0.0049476728813639655,"[-0.007517274469011636, -0.0029456316958426194]"
cd4_mix,t19,stack_r80,292,0.5815680459445464,0.004409710311593041,0.5168150684931506,0.20730981405027596,1.104669839601497,0.5888336896896362,-0.10456385632914372,"[-0.12989396507084688, -0.0793290731064351]",-0.0028062362181296937,"[-0.005332545853403867, -0.0006972706396900305]"
cd4_mix,t19,half_stack_r80,292,0.6616179447347362,0.007461591606396997,0.5198116438356165,0.20937550478772393,1.1365358853227947,0.7141713500022888,-0.024513957538954002,"[-0.03297733370992797, -0.016510732947323824]",0.0002456450766742631,"[-0.0007206862669848107, 0.001133410552180422]"
cd4_mix,t19,self_r80,292,0.5897236736807419,0.0049502050431302555,0.5140239726027398,0.20749376948758444,1.1719558820244724,0.7985168695449829,-0.09640822859294827,"[-0.12001953584710259, -0.07423504213152568]",-0.002265741486592479,"[-0.004041688744662342, -0.000887943005161349]"
cd4_mix,t19,random_r80,292,0.5678105728946005,0.0017125987104918553,0.500804794520548,0.18754129112928308,1.0018300499923076,0.07927176356315613,-0.11832132937908958,"[-0.1561673257072918, -0.08216294779456765]",-0.005503347819230879,"[-0.008185669567267984, -0.0032615718645393832]"
cd4_mix,t19,stack_r160,292,0.6156380925481335,0.005999998450961178,0.5168150684931506,0.20695540169404322,1.1444404322128154,0.7009798288345337,-0.07049380972555665,"[-0.09076225109447816, -0.0520494986583816]",-0.0012159480787615558,"[-0.0032188807678548044, 0.00039274588202789165]"
cd4_mix,t19,half_stack_r160,292,0.6677140705173469,0.007869560846859186,0.5208904109589042,0.20927908083099084,1.1669602804129378,0.7864692807197571,-0.01841783175634327,"[-0.02578525867344537, -0.011509379560325758]",0.0006536143171364536,"[-0.0001056409191453894, 0.0014662888832616858]"
cd4_mix,t19,self_r160,292,0.6420350233017935,0.006551717340886074,0.5204623287671233,0.21001192088924872,1.2186804731063012,0.9098819494247437,-0.044096878971896625,"[-0.05952784446641246, -0.029597102574965877]",-0.0006642291888366612,"[-0.0015480890829925708, 0.0001945960758799201]"
cd4_mix,t19,random_r160,292,0.5772372075507226,0.0024337037365605814,0.5024143835616438,0.1885564850644199,1.0035947008607315,0.11195196211338043,-0.10889469472296757,"[-0.15005737184013554, -0.06786941580756015]",-0.004782242793162153,"[-0.007327006943368363, -0.0026540476382797213]"
orion_hct116,t16,base,265,0.6948542024013722,0.036792859802304526,0.5058679245283019,0.4958904731948886,1.2153753503963785,1.0,0.0,"[0.0, 0.0]",0.0,"[0.0, 0.0]"
orion_hct116,t16,stack_r10,265,0.5291881074899942,0.028080546106493274,0.4988301886792453,0.48987887500102595,1.048652040935294,0.45241671800613403,-0.16566609491137796,"[-0.20094839908519155, -0.12995354488279018]",-0.008712313695811252,"[-0.019421408638893106, 0.0017880853727885305]"
orion_hct116,t16,half_stack_r10,265,0.6533018867924528,0.03621259316305347,0.5040377358490566,0.49440786201344183,1.086362655081112,0.6352260708808899,-0.041552315608919387,"[-0.05399335334476844, -0.029430388793596343]",-0.0005802666392510608,"[-0.005391412168850452, 0.004237455546662147]"
orion_hct116,t16,self_r10,265,0.5265580331618067,0.02334906458088605,0.4941132075471698,0.48505813406147014,1.0622061539278427,0.5312073230743408,-0.16829616923956547,"[-0.2031357204116638, -0.1340047884505432]",-0.013443795221418477,"[-0.02382899794921579, -0.0038056770221290386]"
orion_hct116,t16,random_r10,265,0.5400514579759863,0.018491272514467697,0.4990188679245283,0.4884483216528664,1.0002188013048512,0.029427044093608856,-0.15480274442538594,"[-0.2001429388221841, -0.10884791309319618]",-0.018301587287836825,"[-0.028009129611106916, -0.008066246857436383]"
orion_hct116,t16,stack_r20,265,0.5445111492281304,0.0252962482002747,0.49713207547169813,0.4879943026090777,1.0623909423716533,0.5205485820770264,-0.15034305317324187,"[-0.18396583762149799, -0.11800921955403085]",-0.011496611602029829,"[-0.0218883149809317, -0.0012850080582468848]"
orion_hct116,t16,half_stack_r20,265,0.6540022870211549,0.032977486766869755,0.5035283018867924,0.49399292075663354,1.096771502735098,0.6732226610183716,-0.04085191538021726,"[-0.052891295025728986, -0.029087692967409953]",-0.0038153730354347722,"[-0.009190943030359625, 0.0016930172549377014]"
orion_hct116,t16,self_r20,265,0.5443682104059462,0.0252366862281224,0.49845283018867914,0.489275368455786,1.0822012776369794,0.6135498881340027,-0.15048599199542595,"[-0.18137900228702114, -0.11897084048027451]",-0.011556173574182128,"[-0.021985732422848354, -0.0016641987258277783]"
orion_hct116,t16,random_r20,265,0.5192824471126358,0.018169362495638334,0.5041320754716981,0.49330487372983617,1.0003925632723258,0.0388333685696125,-0.17557175528873642,"[-0.22073148942252718, -0.12722555746140657]",-0.01862349730666619,"[-0.028430393839423834, -0.009497894525153363]"
orion_hct116,t16,stack_r40,265,0.5523870783304745,0.024823745841248062,0.4955283018867924,0.4862251485210496,1.0793962528245034,0.5866206288337708,-0.14246712407089768,"[-0.171636649514008, -0.1128051743853631]",-0.011969113961056467,"[-0.02232197211484048, -0.0020045941431372613]"
orion_hct116,t16,half_stack_r40,265,0.6520583190394512,0.03100986718604017,0.5030000000000001,0.4934118598115153,1.1095356441667932,0.7128093838691711,-0.042795883361921104,"[-0.05333333333333334, -0.03274585477415666]",-0.005782992616264355,"[-0.011438034951001035, -6.878626002903569e-05]"
orion_hct116,t16,self_r40,265,0.5765580331618066,0.02685265869466017,0.49739622641509434,0.4880651459107911,1.1066647488074222,0.7068377733230591,-0.11829616923956546,"[-0.14570004288164665, -0.09109383933676386]",-0.009940201107644354,"[-0.01898892768329237, -0.001137055765296688]"
orion_hct116,t16,random_r40,265,0.5406518010291596,0.019952138319559984,0.5003396226415094,0.48976027344126405,1.0007707121064353,0.05556672438979149,-0.15420240137221267,"[-0.2008722841623785, -0.10825328759291027]",-0.01684072148274454,"[-0.026695166944236227, -0.0075212376463274794]"
orion_hct116,t16,stack_r80,265,0.5857061177815894,0.026201967124613316,0.500867924528302,0.49140182703339425,1.1029057129089799,0.6736979484558105,-0.10914808461978273,"[-0.13532089765580332, -0.0840755431675243]",-0.010590892677691213,"[-0.019898429729831427, -0.0017114157140497436]"
orion_hct116,t16,half_stack_r80,265,0.6616066323613493,0.03299065484191151,0.5028490566037735,0.4930745823421857,1.1274541318074858,0.7683748602867126,-0.03324757004002287,"[-0.042454616923956544, -0.024312464265294462]",-0.003802204960393017,"[-0.008156249833115806, 0.0006174594401692479]"
orion_hct116,t16,self_r80,265,0.6134076615208691,0.031153305162719913,0.4998301886792452,0.49041900909084446,1.1407114469148145,0.8110933899879456,-0.08144654088050314,"[-0.10274478273299027, -0.061362206975414516]",-0.005639554639584617,"[-0.013939003732569065, 0.0025388895417253355]"
orion_hct116,t16,random_r80,265,0.5578044596912521,0.019734715919831107,0.4990943396226415,0.48829380526479427,1.0015395779554326,0.0814233124256134,-0.13704974271012008,"[-0.17838157518582046, -0.0920218696397942]",-0.017058143882473422,"[-0.02642353287349267, -0.008760498831073443]"
orion_hct116,t16,stack_r160,265,0.6223270440251572,0.02919439207006557,0.5021698113207548,0.49287294854011754,1.1334318623694284,0.771495521068573,-0.07252715837621497,"[-0.09161520869068039, -0.054516152086906806]",-0.007598467732238954,"[-0.01465455022028371, -0.0004758854733611365]"
orion_hct116,t16,half_stack_r160,265,0.6700400228702116,0.034575747712130914,0.5054528301886794,0.4956266797818772,1.1507999428120357,0.8345065712928772,-0.024814179531160663,"[-0.03299063750714694, -0.017066538021726693]",-0.0022171120901736175,"[-0.006502400677156828, 0.0019115375415012545]"
orion_hct116,t16,self_r160,265,0.6615065751858205,0.03259754870349328,0.5040943396226415,0.49427429088753233,1.1833293499564788,0.9241522550582886,-0.03334762721555175,"[-0.045240851915380215, -0.020881932532875937]",-0.004195311098811247,"[-0.008912239760088843, 0.0005723172204928318]"
orion_hct116,t16,random_r160,265,0.5712121212121212,0.020824053163947785,0.5029433962264152,0.4919250736238865,1.002954724355607,0.11260028183460236,-0.123642081189251,"[-0.16603237564322473, -0.07961263579188112]",-0.015968806638356738,"[-0.02580143045385476, -0.006174298436148557]"
orion_hct116,t19,base,265,0.7058747855917668,0.04756018786849057,0.5154528301886793,0.5047348281521941,1.2584694400889163,1.0,0.0,"[0.0, 0.0]",0.0,"[0.0, 0.0]"
orion_hct116,t19,stack_r10,265,0.5350771869639793,0.026977089903927734,0.5026792452830189,0.49274692542977616,1.0841609240111818,0.5448955297470093,-0.17079759862778732,"[-0.20666166380789022, -0.13600378787878792]",-0.02058309796456284,"[-0.03217587972315814, -0.00941179091512347]"
orion_hct116,t19,half_stack_r10,265,0.6652944539736992,0.044817250237964554,0.5131320754716981,0.5024279778486442,1.1232234499966682,0.6875215172767639,-0.04058033161806747,"[-0.05360384505431676, -0.027856275014293896]",-0.0027429376305260146,"[-0.0082839365054774, 0.0030110890257683117]"
orion_hct116,t19,self_r10,265,0.5307318467695825,0.026973640122218267,0.5008490566037737,0.49116770749181854,1.08852336929541,0.5666347742080688,-0.1751429388221841,"[-0.21046419382504286, -0.13917417095483137]",-0.0205865477462723,"[-0.03243862202575145, -0.009500014287385478]"
orion_hct116,t19,random_r10,265,0.5081046312178387,0.016251463823669005,0.5000188679245283,0.4894975674399882,1.000303512318804,0.028632698580622673,-0.19777015437392795,"[-0.24171026300743284, -0.15349306746712413]",-0.031308724044821566,"[-0.042223025714241, -0.021142512658895263]"
orion_hct116,t19,stack_r20,265,0.5457833047455689,0.030373757788690652,0.5030754716981132,0.4933122886478282,1.099063680918763,0.5931646227836609,-0.16009148084619784,"[-0.19396941109205262, -0.12616709548313326]",-0.017186430079799912,"[-0.028174966738857866, -0.005769672014187557]"
orion_hct116,t19,half_stack_r20,265,0.6636649514008005,0.04447116810833083,0.513754716981132,0.5030826946211147,1.1342876699588815,0.7168556451797485,-0.042209834190966265,"[-0.05473163236134934, -0.030434891366495208]",-0.0030890197601597387,"[-0.008636747108172435, 0.0023626774035890685]"
orion_hct116,t19,self_r20,265,0.5530303030303031,0.027550058808729024,0.5020754716981133,0.49228459642438327,1.1126742827354308,0.6508724689483643,-0.1528444825614637,"[-0.18882361349342483, -0.11857811606632364]",-0.020010129059761548,"[-0.03163038463086252, -0.008761969769257093]"
orion_hct116,t19,random_r20,265,0.5446255002858778,0.017919792820468572,0.5026415094339622,0.4918107355629419,1.000484339289319,0.04075228422880173,-0.16124928530588908,"[-0.205625, -0.11867710120068613]",-0.029640395048021993,"[-0.04068954127218748, -0.01919983345873016]"
orion_hct116,t19,stack_r40,265,0.5571469411092052,0.028461734018428258,0.5007735849056603,0.49073886067100386,1.1214205546605893,0.6652551293373108,-0.14872784448256146,"[-0.17871819611206402, -0.11927708690680391]",-0.01909845385006231,"[-0.02897787778799085, -0.009193299028035945]"
orion_hct116,t19,half_stack_r40,265,0.6627358490566038,0.042864848942872215,0.5126415094339623,0.5020386575319971,1.1510716385574673,0.7628383040428162,-0.04313893653516295,"[-0.05532018296169241, -0.03126000571755289]",-0.004695338925618363,"[-0.009626088543176077, 0.0005334994642295785]"
orion_hct116,t19,self_r40,265,0.5695540308747856,0.03171197740179401,0.501,0.49110588821610285,1.1441009353628941,0.7395252585411072,-0.13632075471698113,"[-0.16687678673527728, -0.10634148084619785]",-0.015848210466696554,"[-0.025125074583619435, -0.006341227537044714]"
orion_hct116,t19,random_r40,265,0.522741566609491,0.017036092782707096,0.5000943396226414,0.489317201889588,1.0009640709407035,0.05489295348525047,-0.18313321898227558,"[-0.22942038307604345, -0.13766473699256732]",-0.030524095085783475,"[-0.04109600814044007, -0.020667366946092103]"
orion_hct116,t19,stack_r80,265,0.5870068610634649,0.03480638070340218,0.5033962264150944,0.49334675381296017,1.150679691436606,0.7466542720794678,-0.11886792452830189,"[-0.14579831332189824, -0.09224914236706691]",-0.012753807165088393,"[-0.02155124509144922, -0.004341559209932728]"
orion_hct116,t19,half_stack_r80,265,0.6668953687821613,0.04502929099682264,0.513377358490566,0.5026579956793285,1.1735691604610972,0.8173889517784119,-0.03897941680960549,"[-0.050257647226986855, -0.028058533447684393]",-0.002530896871667929,"[-0.0061879016837508155, 0.0013359192560063985]"
orion_hct116,t19,self_r80,265,0.6114922813036021,0.039348939239044846,0.5086603773584906,0.49861784028015416,1.1829007056148553,0.8351244330406189,-0.09438250428816466,"[-0.11732597198399086, -0.07059748427672954]",-0.00821124862944572,"[-0.016261208672076272, -8.169962891879392e-05]"
orion_hct116,t19,random_r80,265,0.5282447112635792,0.022295830730126778,0.5018301886792453,0.4907166713952077,1.0019920699028406,0.07920467108488083,-0.17763007432818753,"[-0.22347341337907375, -0.1306028444825615]",-0.02526435713836379,"[-0.036886285286473156, -0.01461114605890758]"
orion_hct116,t19,stack_r160,265,0.6332475700400229,0.04145091476044357,0.5103773584905661,0.49998241164858853,1.1859963360037895,0.8347413539886475,-0.07262721555174384,"[-0.09254252429959976, -0.05301600914808463]",-0.0061092731080469986,"[-0.013787928098584262, 0.001250889944233146]"
orion_hct116,t19,half_stack_r160,265,0.6796455117209835,0.04732475994512412,0.5148301886792453,0.5039744856375312,1.2007664325622431,0.8789742588996887,-0.02622927387078331,"[-0.03516366495140081, -0.01789451114922814]",-0.0002354279233664488,"[-0.004376436249692307, 0.0041099393314211405]"
orion_hct116,t19,self_r160,265,0.6743567753001716,0.04517848644781174,0.514245283018868,0.5036716932489519,1.2268732582120805,0.9347544312477112,-0.0315180102915952,"[-0.04566931103487707, -0.018980488850771884]",-0.0023817014206788324,"[-0.007869574526199427, 0.002902796242587763]"
orion_hct116,t19,random_r160,265,0.5775871926815324,0.01990141043063778,0.501,0.49040774999746073,1.0038010164412186,0.11257362365722656,-0.12828759291023442,"[-0.17377179817038307, -0.08417345626072043]",-0.02765877743785279,"[-0.038012817546505075, -0.01746760804098501]"
orion_hek293t,t16,base,278,0.6589356673505962,0.03731241137905698,0.5170143884892087,0.4883939571915576,1.3801796325123548,1.0,0.0,"[0.0, 0.0]",0.0,"[0.0, 0.0]"
orion_hek293t,t16,stack_r10,278,0.5271017842765499,0.03006036077740522,0.5075000000000001,0.4804215472960473,1.0863698740565382,0.4560967981815338,-0.13183388307404617,"[-0.16370412695114667, -0.09660221281458586]",-0.007252050601651758,"[-0.017828656730570533, 0.002388055455346362]"
orion_hek293t,t16,half_stack_r10,278,0.6295353608809704,0.0359143121599777,0.5167266187050359,0.48870446399858786,1.154874180730539,0.6371967792510986,-0.02940030646962574,"[-0.04151754408747369, -0.017035360880970327]",-0.0013980992190792843,"[-0.00523592280579673, 0.002173889219377746]"
orion_hek293t,t16,self_r10,278,0.5272835882918214,0.025093367428521772,0.5060791366906475,0.47828999547179457,1.1104519222777647,0.5328484773635864,-0.13165207905877466,"[-0.16410506973482586, -0.09901566111731555]",-0.012219043950535207,"[-0.02241583832633481, -0.0032851195680914055]"
orion_hek293t,t16,random_r10,278,0.49093577123860477,0.01761634327546451,0.4989388489208634,0.4665795609550513,1.0004324229381976,0.02783563733100891,-0.1679998961119913,"[-0.21366289639768327, -0.12364620938628164]",-0.019696068103592472,"[-0.0288557195411649, -0.010775537050110898]"
orion_hek293t,t16,stack_r20,278,0.5389839752746539,0.0261866619251311,0.506726618705036,0.4796359267500329,1.11235459504591,0.5240752100944519,-0.11995169207594213,"[-0.15145702932239044, -0.09052216710386207]",-0.011125749453925882,"[-0.020849212212283363, -0.001958761717958619]"
orion_hek293t,t16,half_stack_r20,278,0.6272628106900762,0.0345072257515519,0.515701438848921,0.48764325898574895,1.174124297449597,0.6752734780311584,-0.031672856660519964,"[-0.043507324104615226, -0.01978871776225231]",-0.00280518562750508,"[-0.006483904409551991, 0.0005486914810153627]"
orion_hek293t,t16,self_r20,278,0.5426330415811755,0.02420797917553458,0.5074280575539568,0.4794227097701114,1.1428087609606614,0.6125648617744446,-0.11630262576942056,"[-0.14737228267927174, -0.08667896008103267]",-0.0131044322035224,"[-0.023001381627318133, -0.004376178518977371]"
orion_hek293t,t16,random_r20,278,0.500298678025089,0.017987321713569645,0.501636690647482,0.4698889297644651,1.0007172629772294,0.03949488326907158,-0.1586369893255071,"[-0.20571481443004438, -0.11408137028283512]",-0.019325089665487336,"[-0.029299309313324817, -0.009771462187813499]"
orion_hek293t,t16,stack_r40,278,0.5523725423992935,0.02502892222482924,0.5081474820143884,0.48037315386661456,1.1427750026348185,0.5930441617965698,-0.10656312495130249,"[-0.1357705893047295, -0.07897988468431032]",-0.012283489154227743,"[-0.021677409877473314, -0.0033931319804976568]"
orion_hek293t,t16,half_stack_r40,278,0.6269771186660781,0.03560917719012935,0.5149999999999999,0.4869585890298081,1.1970632520202666,0.7167843580245972,-0.03195854868451809,"[-0.042165870191933096, -0.02165902656935824]",-0.0017032341889276325,"[-0.005249721012050016, 0.001412723502733062]"
orion_hek293t,t16,self_r40,278,0.5584499909097992,0.02530931319499834,0.5081654676258993,0.48031160813722323,1.1879614752569747,0.7046021819114685,-0.10048567644079681,"[-0.1267482403968522, -0.07433154559384984]",-0.012003098184058644,"[-0.020947313306844826, -0.0037755095739529054]"
orion_hek293t,t16,random_r40,278,0.5433472716411708,0.015916431537217626,0.502589928057554,0.4703944033829372,1.0013445978287163,0.05632660910487175,-0.11558839570942525,"[-0.15897657325403217, -0.07181226138222996]",-0.021395979841839354,"[-0.031374499834104945, -0.012557543944671115]"
orion_hek293t,t16,stack_r80,278,0.5748383242864192,0.027431821392601804,0.5114028776978417,0.48358479426316725,1.1846993708331257,0.6786683201789856,-0.08409734306417682,"[-0.10777309560294004, -0.061393268057034545]",-0.009880589986455177,"[-0.01848022519561808, -0.0021910971001537155]"
orion_hek293t,t16,half_stack_r80,278,0.631846869075137,0.035070300054986486,0.5149460431654678,0.4866297294955308,1.228666203092247,0.77164626121521,-0.027088798275459056,"[-0.03614523543619978, -0.017907370854219153]",-0.002242111324070494,"[-0.006257877613662722, 0.0011325402109868764]"
orion_hek293t,t16,self_r80,278,0.5932265018310261,0.027305955586974556,0.5103956834532374,0.4822342147420937,1.2457748421073864,0.8071689605712891,-0.0657091655195699,"[-0.0849953250396073, -0.04574870789289147]",-0.010006455792082421,"[-0.01628864822672408, -0.003934049702218565]"
orion_hek293t,t16,random_r80,278,0.5732540321533387,0.019867392341736047,0.501205035971223,0.4689290576447227,1.0025367236004494,0.0799243226647377,-0.08568163519725734,"[-0.12941978547126198, -0.044266680518401186]",-0.017445019037320937,"[-0.02758933367278579, -0.008579598805322088]"
orion_hek293t,t16,stack_r160,278,0.6097187232163728,0.028907989260580934,0.5139748201438848,0.48619650272628007,1.238714606622696,0.7750502824783325,-0.049216944134223305,"[-0.06803690621510013, -0.03195822403449083]",-0.008404422118476045,"[-0.015015271618633379, -0.0022074641742686335]"
orion_hek293t,t16,half_stack_r160,278,0.6408721398332597,0.03673096569012026,0.516726618705036,0.4883878921077182,1.2693253548208683,0.8369746208190918,-0.01806352751733631,"[-0.025689232007895493, -0.010438796976858952]",-0.0005814456889367274,"[-0.003788534368603564, 0.0025447792681906763]"
orion_hek293t,t16,self_r160,278,0.6330415811754928,0.03242565728514375,0.5148201438848921,0.4862188650171567,1.3190199838537127,0.9181234836578369,-0.025894086175103238,"[-0.03806229384723269, -0.013739189154091886]",-0.004886754093913226,"[-0.01021977283137268, 0.0007003170442800417]"
orion_hek293t,t16,random_r160,278,0.5649689634573929,0.014368441526989788,0.5005755395683453,0.4683139430882936,1.0052057229820144,0.11262542009353638,-0.09396670389320312,"[-0.13329058774640937, -0.05472300859673273]",-0.022943969852067193,"[-0.032778506428676336, -0.014228224593679567]"
orion_hek293t,t19,base,278,0.6741033166246787,0.042099754524293834,0.5207913669064749,0.49142980587313184,1.4543612717119097,1.0,0.0,"[0.0, 0.0]",0.0,"[0.0, 0.0]"
orion_hek293t,t19,stack_r10,278,0.5369971171077578,0.029661665493955637,0.5100719424460433,0.48178168020219103,1.1457092083092058,0.5424920320510864,-0.13710619951692077,"[-0.16989942342155157, -0.10417240215048179]",-0.012438089030338191,"[-0.02345314045126409, -0.0021977571538912464]"
orion_hek293t,t19,half_stack_r10,278,0.6420019219281614,0.04269848877212209,0.5207374100719424,0.49131177231622897,1.2167759337439388,0.6860939860343933,-0.032101394696517155,"[-0.04402416694803002, -0.02105907331896218]",0.0005987342478282633,"[-0.002952892544050159, 0.004361366187447539]"
orion_hek293t,t19,self_r10,278,0.5347375529179544,0.028355165178598058,0.5092446043165467,0.48044711261374645,1.150984480713264,0.5626596212387085,-0.13936576370672416,"[-0.1737919772485261, -0.10743123912422409]",-0.01374458934569577,"[-0.02415194250000898, -0.0037918825601330323]"
orion_hek293t,t19,random_r10,278,0.5191933096122381,0.016340332308932476,0.503453237410072,0.47101100270223184,1.000485809706504,0.027186376973986626,-0.1549100070124406,"[-0.2024537049061112, -0.10942881074202013]",-0.02575942221536135,"[-0.0358475074527894, -0.01680790642799212]"
orion_hek293t,t19,stack_r20,278,0.5459574578604266,0.02426506485879648,0.5093345323741006,0.48103926825809973,1.1723476214422606,0.5929153561592102,-0.1281458587642521,"[-0.1596154845077007, -0.09891274705867076]",-0.017834689665497342,"[-0.028278956125375686, -0.008673086505411974]"
orion_hek293t,t19,half_stack_r20,278,0.6398462457470845,0.04296899456850114,0.5197482014388489,0.49024268223891054,1.236882814332957,0.7166997790336609,-0.034257070877593956,"[-0.0460353738669714, -0.022582331246915836]",0.0008692400442073081,"[-0.0028618081035242317, 0.0048390535851746425]"
orion_hek293t,t19,self_r20,278,0.5448276757655248,0.025870721450754863,0.5076618705035971,0.4788939244047588,1.194857822655342,0.6457545161247253,-0.12927564085915383,"[-0.1600404513933979, -0.09836733501285613]",-0.016229033073538967,"[-0.026050847893408887, -0.006992053784805995]"
orion_hek293t,t19,random_r20,278,0.5231929979482118,0.01606470051242804,0.49757194244604314,0.46536908539209715,1.0009882451992844,0.04048536717891693,-0.15091031867646676,"[-0.1983225333090928, -0.10386333532452029]",-0.026035054011865795,"[-0.03595019017285462, -0.017437354932641383]"
orion_hek293t,t19,stack_r40,278,0.5536062125029219,0.02475586256401744,0.5089388489208634,0.48063328732757904,1.2147585230220632,0.6675159335136414,-0.12049710412175675,"[-0.14843258966833756, -0.0930437238656728]",-0.017343891960276386,"[-0.025935064792539438, -0.009037207558007816]"
orion_hek293t,t19,half_stack_r40,278,0.6364049554580162,0.04169334018690312,0.5187230215827338,0.48942118939527435,1.2685394794835,0.7643212080001831,-0.037698361166662336,"[-0.04807417603823079, -0.02725631768953069]",-0.00040641433739069743,"[-0.00451041956413534, 0.0038192872222285765]"
orion_hek293t,t19,self_r40,278,0.5579045788639847,0.029343230004557016,0.5092985611510791,0.48053392122935507,1.2497195829895404,0.7345352172851562,-0.11619873776069399,"[-0.14136723112484745, -0.09022381372880038]",-0.012756524519736813,"[-0.02076117823256058, -0.005026038322897596]"
orion_hek293t,t19,random_r40,278,0.5620990572163208,0.01913284688161223,0.5013129496402878,0.4688824945510011,1.0017432277468998,0.057700932025909424,-0.11200425940835779,"[-0.15366400020777599, -0.06754863257408517]",-0.022966907642681594,"[-0.033580630482370706, -0.012691798692714246]"
orion_hek293t,t19,stack_r80,278,0.5731241721424305,0.029981401824387317,0.5119064748201438,0.4833050582804483,1.26851481464877,0.7488272786140442,-0.10097914448224814,"[-0.1249259797937823, -0.07817507726670647]",-0.012118352699906514,"[-0.019614843608901825, -0.004291962754381313]"
orion_hek293t,t19,half_stack_r80,278,0.6417551879074358,0.042062164365762204,0.518705035971223,0.48941845502552067,1.3091401306962969,0.818879246711731,-0.03234812871724281,"[-0.04143865413084695, -0.023932550710334264]",-3.7590158531619e-05,"[-0.003656687085672296, 0.003353124761383169]"
orion_hek293t,t19,self_r80,278,0.588213905409968,0.03400016065071591,0.513273381294964,0.48393075251673695,1.3180619189194305,0.8296690583229065,-0.08588941121471054,"[-0.10716113030153496, -0.06624159156429368]",-0.008099593873577912,"[-0.013147453151115995, -0.0028469705366227314]"
orion_hek293t,t19,random_r80,278,0.529750928499078,0.019194868303682645,0.5029496402877698,0.4702006863641556,1.0033938091862582,0.07858234643936157,-0.1443523881256006,"[-0.18827299171493128, -0.10136125756434566]",-0.022904886220611185,"[-0.0327609033508095, -0.013363757570348307]"
orion_hek293t,t19,stack_r160,278,0.6152637456821547,0.038308314309904716,0.5161690647482015,0.4870873392613421,1.3301874682838921,0.8353663682937622,-0.05883957094252395,"[-0.07747545645793834, -0.04125620081552087]",-0.0037914402143891107,"[-0.008637835115463944, 0.0013004594512439978]"
orion_hek293t,t19,half_stack_r160,278,0.6546502869906241,0.043870476460121814,0.5197122302158274,0.49018781737296113,1.3558828078296552,0.8794193267822266,-0.01945302963405449,"[-0.02670051684284342, -0.012530841752590713]",0.0017707219358279876,"[-0.0014069672755631965, 0.004828619631861034]"
orion_hek293t,t19,self_r160,278,0.6364698854634704,0.038914555563217,0.5191187050359714,0.48959470398663923,1.394575117154029,0.9288557171821594,-0.037633431161208215,"[-0.05069053060800457, -0.02565774095525026]",-0.003185198961076833,"[-0.007119850121175991, 0.0010286046025569202]"
orion_hek293t,t19,random_r160,278,0.5360231670259459,0.013744246846089683,0.5017625899280576,0.4692638015082384,1.0067737426062242,0.11162576079368591,-0.13808014959873258,"[-0.17942822637197103, -0.0936271199646781]",-0.02835550767820414,"[-0.037604569291152384, -0.01991964374416365]"
