target,rows,guides,donors,conditions,cells
ABCD1,10,2,4,3,33.0
ACLY,24,2,4,3,1111.0
ADNP,23,2,4,3,3670.0
AGO1,21,2,4,3,927.0
AKAP1,24,2,4,3,3637.0
AKIRIN1,22,2,4,3,1550.0
AKT2,20,2,4,3,1528.0
ALG12,24,2,4,3,1645.0
ANKRD52,13,2,4,3,154.0
ANKZF1,22,2,4,3,671.0
ANP32B,24,2,4,3,1027.0
AP2A2,20,2,4,3,1111.0
API5,24,2,4,3,679.0
ARL14EP,22,2,4,3,874.0
ASCC2,21,2,4,3,1248.0
BCKDK,20,2,4,3,1442.0
BCL6,18,2,3,3,1488.0
BCL7C,24,2,4,3,864.0
BRD1,23,2,4,3,576.0
BRPF1,24,2,4,3,2054.0
C5orf22,9,2,4,2,16.0
CAND1,24,2,4,3,2624.0
CAPRIN2,18,2,4,3,309.0
CARM1,21,2,4,3,1744.0
CAT,23,2,4,3,1559.0
CCDC112,22,2,4,3,2548.0
CDK8,22,2,4,3,1929.0
CHD3,24,2,4,3,1066.0
CHD6,18,2,3,3,858.0
CHKB,24,2,4,3,1692.0
CLCN6,23,2,4,3,881.0
COIL,24,2,4,3,2248.0
COMMD8,24,2,4,3,1009.0
COQ10B,22,2,4,3,1543.0
CSNK2A1,21,2,4,3,1589.0
CYTH2,12,1,4,3,1905.0
DBF4B,24,2,4,3,2247.0
DBN1,24,2,4,3,1224.0
DCAF16,22,2,4,3,703.0
DCP2,19,2,4,3,394.0
DDHD1,24,2,4,3,800.0
DEAF1,15,2,4,3,1963.0
DEK,23,2,4,3,2110.0
DHRS1,24,2,4,3,1146.0
DHX35,18,2,3,3,337.0
DLAT,24,2,4,3,1279.0
DMTF1,24,2,4,3,1478.0
DNTTIP1,24,2,4,3,4450.0
DRG2,24,2,4,3,2137.0
DTNBP1,24,2,4,3,1315.0
DVL3,23,2,4,3,2131.0
E2F1,22,2,4,3,452.0
E2F4,23,2,4,3,498.0
EAPP,18,2,4,3,122.0
ELK1,24,2,4,3,2118.0
EPC2,24,2,4,3,1592.0
EPM2AIP1,23,2,4,3,900.0
EZH2,22,2,4,3,358.0
FAM120A,24,2,4,3,1275.0
FCGRT,23,2,4,3,1793.0
FHL3,24,2,4,3,2162.0
FOXN2,23,2,4,3,3273.0
FOXO4,20,2,4,3,2061.0
FUBP3,13,2,4,3,760.0
FXYD5,20,2,4,3,3906.0
GIGYF2,22,2,4,3,1185.0
GLI3,23,2,4,3,3363.0
GLYR1,24,2,4,3,3432.0
GMEB2,18,2,4,3,900.0
GPATCH8,22,2,4,3,1786.0
GRAMD1A,23,2,4,3,680.0
GTF2IRD1,24,2,4,3,512.0
HDAC1,24,2,4,3,1606.0
HDAC8,24,2,4,3,1211.0
HEATR6,24,2,4,3,2275.0
HMGN3,24,2,4,3,1797.0
HMGN4,24,2,4,3,2150.0
HMGXB3,24,2,4,3,322.0
HOMEZ,20,2,4,3,2163.0
HSBP1,24,2,4,3,2175.0
HSP90AB1,24,2,4,3,1587.0
IFI27L2,21,2,4,3,1602.0
IFNAR2,23,2,4,3,979.0
IFNGR2,23,2,4,3,1659.0
IL10RB,23,2,4,3,1148.0
IREB2,22,2,4,3,688.0
KDM5A,21,2,4,3,680.0
KHDRBS1,21,2,4,3,627.0
KHSRP,24,2,4,3,548.0
KIF21B,19,2,4,3,146.0
KIF2A,24,2,4,3,1738.0
KMT2A,21,2,4,3,126.0
LDLR,13,2,4,3,351.0
LENG1,9,2,4,3,13.0
LMAN1,24,2,4,3,578.0
LMBRD2,24,2,4,3,828.0
LPCAT3,24,2,4,3,1962.0
MAN2A1,24,2,4,3,1790.0
MAP2K2,21,2,4,3,3294.0
MAPK12,24,2,4,3,2797.0
MAPK7,19,2,4,3,1484.0
MARCKSL1,24,2,4,3,2266.0
MBD4,24,2,4,3,1705.0
MED13,24,2,4,3,3895.0
MED15,24,2,4,3,3313.0
MED25,21,2,4,3,1994.0
MLKL,21,2,4,3,5881.0
MLLT10,12,1,4,3,2283.0
MSANTD4,20,2,4,3,805.0
MSI2,24,2,4,3,2811.0
MTA1,21,2,4,3,1817.0
MTF1,17,2,4,3,113.0
MTHFSD,23,2,4,3,2253.0
MTM1,24,2,4,3,4237.0
MYD88,22,2,4,3,1622.0
MYPOP,18,2,4,3,308.0
MYRF,23,2,4,3,5279.0
NABP2,18,2,4,3,2073.0
NAIF1,15,2,4,3,1982.0
NCLN,24,2,4,3,2004.0
NFE2L1,21,2,4,3,548.0
NGLY1,21,2,4,3,434.0
NICN1,5,1,3,3,8.0
NIPAL3,24,2,4,3,2371.0
NIPSNAP3A,19,2,4,3,1057.0
NT5DC1,21,2,4,3,2791.0
NUP37,23,2,4,3,981.0
PAN2,17,2,4,3,1919.0
PAPOLA,23,2,4,3,1348.0
PARP3,18,2,4,3,475.0
PATL1,21,2,4,3,653.0
PBLD,22,2,4,3,1898.0
PCGF1,23,2,4,3,4639.0
PCGF6,23,2,4,3,827.0
PDCD4,23,2,4,3,1383.0
PDE6D,20,2,4,3,611.0
PDK1,21,2,4,3,781.0
PDK3,24,2,4,3,2721.0
PGLS,22,2,4,3,204.0
PHF11,24,2,4,3,1296.0
PHF19,11,1,4,3,413.0
PHF23,24,2,4,3,791.0
PHF8,24,2,4,3,1099.0
PI4KB,11,2,3,3,442.0
PIM2,24,2,4,3,2113.0
PIN1,18,2,4,3,176.0
PINK1,24,2,4,3,1777.0
PKN3,22,2,4,3,2039.0
PLAGL2,12,2,4,3,240.0
PLCG1,24,2,4,3,1125.0
PNP,24,2,4,3,2009.0
POLD4,23,2,4,3,2434.0
POR,24,2,4,3,1263.0
PPIF,24,2,4,3,936.0
PPIP5K2,24,2,4,3,4694.0
PQBP1,20,2,4,3,735.0
PRDX3,24,2,4,3,4066.0
PRKAB2,24,2,4,3,1722.0
PRKACA,24,2,4,3,2948.0
PRMT2,22,2,4,3,1133.0
PRMT6,18,2,4,3,821.0
PRMT7,22,2,4,3,224.0
PRNP,23,2,4,3,1645.0
PSKH1,22,2,4,3,3860.0
PSMB9,24,2,4,3,1858.0
PTMS,24,2,4,3,1654.0
PTOV1,21,2,4,3,1858.0
PYCR1,22,2,4,3,792.0
R3HCC1L,23,2,4,3,1413.0
RAB11FIP5,24,2,4,3,1452.0
RAB5A,21,2,4,3,1606.0
RABEP2,24,2,4,3,2396.0
RBM18,24,2,4,3,706.0
RBM26,24,2,4,3,742.0
RBM4B,24,2,4,3,2864.0
RBM5,24,2,4,3,1652.0
RC3H2,24,2,4,3,1362.0
REV1,11,2,3,3,125.0
RFK,20,2,4,3,708.0
RNF10,24,2,4,3,1126.0
RNF141,24,2,4,3,2167.0
RNF2,19,2,4,3,758.0
RSRC1,23,2,4,3,1518.0
S100A11,24,2,4,3,1222.0
SAP30L,19,2,4,3,1252.0
SCAF8,23,2,4,3,926.0
SEMA4F,17,2,4,3,644.0
SFXN4,21,2,4,3,2769.0
SH2D3A,24,2,4,3,2687.0
SHPRH,24,2,4,3,2088.0
SIN3B,24,2,4,3,2550.0
SLC25A13,22,2,4,3,1289.0
SLC39A1,24,2,4,3,4303.0
SLC44A1,24,2,4,3,1359.0
SLIRP,23,2,4,3,1185.0
SMARCA5,23,2,4,3,485.0
SMARCC2,21,2,4,3,716.0
SMYD2,17,2,4,3,973.0
SND1,22,2,4,3,1060.0
SNN,24,2,4,3,1597.0
SNRK,22,2,4,3,1125.0
SNX4,15,2,4,3,1409.0
SOCS5,22,2,4,3,555.0
SPATA20,23,2,4,3,968.0
SRSF5,24,2,4,3,4427.0
SSR4,21,2,4,3,2994.0
STAT6,24,2,4,3,2035.0
STK3,14,2,4,3,75.0
STT3A,24,2,4,3,1349.0
SUPT7L,24,2,4,3,7107.0
SYVN1,20,2,4,3,794.0
TAF15,21,2,4,3,1486.0
TAF4,18,2,4,3,79.0
TARBP2,24,2,4,3,1111.0
TBC1D13,20,2,4,3,1690.0
TBC1D19,21,2,4,3,883.0
TBCK,23,2,4,3,1823.0
TDRD7,22,2,4,3,789.0
TEAD4,21,2,4,3,2476.0
TESK2,24,2,4,3,4999.0
TEX2,21,2,4,3,2232.0
TFCP2,21,2,4,3,1160.0
THAP3,24,2,4,3,1911.0
THAP7,21,2,4,3,2225.0
TIMM17B,19,2,4,3,649.0
TIMM50,15,2,4,3,150.0
TMCO6,21,2,4,3,1380.0
TMED3,24,2,4,3,1703.0
TMEM104,24,2,4,3,2074.0
TMEM147,21,2,4,3,2414.0
TMEM186,21,2,4,3,2005.0
TMEM209,21,2,4,3,2251.0
TMEM41B,23,2,4,3,1071.0
TMEM79,21,2,4,3,1064.0
TMF1,24,2,4,3,1977.0
TRAPPC6A,24,2,4,3,1840.0
TRIB3,24,2,4,3,991.0
TRIM35,24,2,4,3,1347.0
TRIP4,11,2,3,3,921.0
TRMT1,24,2,4,3,1691.0
TRPC4AP,24,2,4,3,2548.0
TTBK2,24,2,4,3,1399.0
TWF2,24,2,4,3,4219.0
TXNDC16,24,2,4,3,2856.0
UNK,24,2,4,3,967.0
UPF3B,15,2,4,3,215.0
UROS,24,2,4,3,727.0
USP28,24,2,4,3,3816.0
VAPB,24,2,4,3,2871.0
VIM,24,2,4,3,12395.0
WBP4,24,2,4,3,605.0
YIPF6,24,2,4,3,1744.0
ZBTB34,24,2,4,3,790.0
ZBTB41,24,2,4,3,2804.0
ZBTB48,24,2,4,3,2539.0
ZC2HC1A,23,2,4,3,1073.0
ZC3HAV1,24,2,4,3,4504.0
ZDHHC12,23,2,4,3,420.0
ZDHHC4,24,2,4,3,884.0
ZFP62,24,2,4,3,1619.0
ZHX3,23,2,4,3,867.0
ZKSCAN1,20,2,4,3,1748.0
ZKSCAN2,24,2,4,3,981.0
ZKSCAN3,23,2,4,3,605.0
ZNF16,22,2,4,3,1943.0
ZNF174,24,2,4,3,3310.0
ZNF219,23,2,4,3,378.0
ZNF22,23,2,4,3,1704.0
ZNF25,14,2,4,3,3344.0
ZNF251,24,2,4,3,2483.0
ZNF280C,24,2,4,3,2716.0
ZNF282,24,2,4,3,3293.0
ZNF32,24,2,4,3,1288.0
ZNF324,21,2,4,3,1628.0
ZNF397,23,2,4,3,955.0
ZNF410,24,2,4,3,3553.0
ZNF444,24,2,4,3,2842.0
ZNF462,24,2,4,3,1788.0
ZNF496,24,2,4,3,2668.0
ZNF507,21,2,4,3,1474.0
ZNF514,24,2,4,3,3702.0
ZNF526,24,2,4,3,967.0
ZNF530,23,2,4,3,1770.0
ZNF543,24,2,4,3,1325.0
ZNF627,24,2,4,3,3217.0
ZNF628,23,2,4,3,615.0
ZNF641,22,2,4,3,2185.0
ZNF670,22,2,4,3,944.0
ZNF714,24,2,4,3,1815.0
ZNF740,20,2,4,3,1044.0
ZNF768,23,2,4,3,611.0
ZNF777,24,2,4,3,1802.0
ZNF783,18,2,4,3,1881.0
ZNF784,22,2,4,3,2919.0
ZNF786,24,2,4,3,1080.0
ZNF821,24,2,4,3,873.0
ZRANB3,24,2,4,3,1361.0
