regime,held_out,arm,targets,pds_proxy,pds_minus_common,ci95,reach_proxy,prec_200,mse_ratio
T,k562,common,272,0.5,0.0,"[0.0, 0.0]",0.12525385540641415,0.5402389705882352,0.9971901168829889
T,k562,cis,272,0.5549028652051227,0.054902865205122636,"[0.01600655252876058, 0.09207676497720856]",0.0019281689787629943,,0.9997341950036727
T,k562,linear_k25_r1,272,0.4981956804862166,-0.0018043195137833756,"[-0.011938354677664425, 0.009524907749077487]",0.1195799826557278,0.5381433823529411,0.9973926159727453
T,k562,linear_k25_r1+cis,272,0.5218553288474062,0.021855328847406125,"[0.008085522031690905, 0.03623867212936834]",0.1215081516344908,0.5383639705882353,0.9971288943484996
T,k562,linear_k25_r10,272,0.49981007163012814,-0.00018992836987193266,"[-0.001831791295854138, 0.001451934556110267]",0.12632990616134113,0.5403860294117647,0.9972088271286272
T,k562,linear_k25_r10+cis,272,0.5222080529628825,0.022208052962882575,"[0.011829485022791405, 0.033292069133926634]",0.12822638142813655,0.5406433823529412,0.9969448751648001
T,k562,linear_k50_r1,272,0.49099196874321693,-0.009008031256783159,"[-0.019359805730410247, 0.001343404059040588]",0.12052927575694738,0.5384926470588235,0.9974960492012355
T,k562,linear_k50_r1+cis,272,0.5128201649663556,0.012820164966355546,"[-0.0012087584111135268, 0.027038338398089855]",0.12242575102374285,0.5387132352941175,0.9972325439355085
T,k562,linear_k50_r10,272,0.4985077056652919,-0.001492294334708053,"[-0.0033240856305621854, 0.0002848925548079037]",0.12585034677101706,0.5405330882352941,0.9972201107683197
T,k562,linear_k50_r10+cis,272,0.5208242891252441,0.020824289125244196,"[0.010961241046233994, 0.03180045311482527]",0.12777851574978005,0.5406985294117647,0.9969561969162016
T,k562,linear_k100_r1,272,0.48959463859344476,-0.010405361406555246,"[-0.022601815172563492, 0.002701731061428245]",0.11728910773343601,0.5354595588235294,0.9975245582581497
T,k562,linear_k100_r1+cis,272,0.5122232472324724,0.012223247232472322,"[-0.002062757759930542, 0.028136870523116992]",0.11921727671219899,0.5356617647058823,0.9972611850057613
T,k562,linear_k100_r10,272,0.4975851964401997,-0.002414803559800303,"[-0.005359032450618618, 8.207618840893943e-05]",0.12487068489126883,0.5395404411764706,0.9972127514113154
T,k562,linear_k100_r10+cis,272,0.5203494682005644,0.02034946820056436,"[0.010839483394833949, 0.03180113143043194]",0.1268545579698536,0.5397058823529413,0.9969488580656627
T,k562,string700,272,0.5441176470588235,0.04411764705882353,"[0.01352459572389841, 0.07579566420664206]",0.11996281201233122,0.5338051470588235,1.0390519690935927
T,k562,string700+cis,272,0.5604379205556761,0.06043792055567613,"[0.02839293466464076, 0.09376051389190354]",0.12274265472373402,0.5341727941176471,1.0387841401772695
T,k562,string400,272,0.5393016062513567,0.03930160625135664,"[0.001977968309094857, 0.07540495441719121]",0.104122374335686,0.5262500000000001,1.0452364066531652
J,cd4_mix,common,268,0.5,0.0,"[0.0, 0.0]",0.012238019739251472,0.5182835820895523,0.9996245543488196
J,cd4_mix,cis,268,0.573334171837442,0.073334171837442,"[0.030479449661803347, 0.11426819553915814]",0.0002465461773394535,,0.9994057527466973
J,cd4_mix,linear_k25_r1,268,0.5094052210855833,0.009405221085583315,"[0.001662683772150483, 0.019035091396947833]",0.009548610094048213,0.5183768656716419,0.9994935322695545
J,cd4_mix,linear_k25_r1+cis,268,0.5471938062496507,0.04719380624965062,"[0.03017182346693498, 0.06494389010006148]",0.009814460826985982,0.5187126865671642,0.998902148707783
J,cd4_mix,linear_k25_r10,268,0.5009922298619263,0.0009922298619263225,"[-9.782547934484864e-05, 0.002138185477108833]",0.012706728943742668,0.5180970149253732,0.9995779872924532
J,cd4_mix,linear_k25_r10+cis,268,0.5388786405053384,0.03887864050533847,"[0.02508315165744312, 0.054209290625524056]",0.013025174961805316,0.5184514925373134,0.9989863000735818
J,cd4_mix,linear_k50_r1,268,0.5095449717703615,0.009544971770361677,"[0.001675610710492486, 0.019174492705014253]",0.0101376760561048,0.518134328358209,0.9994900710568431
J,cd4_mix,linear_k50_r1+cis,268,0.5459360500866455,0.045936050086645426,"[0.029553426686790767, 0.06354673262898985]",0.010499090985896718,0.5183582089552239,0.9988988745876046
J,cd4_mix,linear_k50_r10,268,0.5014114819162614,0.0014114819162613895,"[0.00023757616412320396, 0.0025857370451115203]",0.012794678298755432,0.5177611940298507,0.999567876016057
J,cd4_mix,linear_k50_r10+cis,268,0.538920565710772,0.03892056571077199,"[0.025194602828553857, 0.054699466152384135]",0.013151109800519391,0.5179850746268656,0.9989762219730578
J,cd4_mix,linear_k100_r1,268,0.5084129912236569,0.008412991223656996,"[-0.0005743753144390458, 0.018573215383755375]",0.010017283066227766,0.5175746268656716,0.9996333181386722
J,cd4_mix,linear_k100_r1+cis,268,0.5434205377606351,0.04342053776063502,"[0.02695755771703281, 0.061129395159036266]",0.010521085845136417,0.5179104477611941,0.9990423206005007
J,cd4_mix,linear_k100_r10,268,0.5012437810945273,0.0012437810945273608,"[2.7600760243720848e-05, 0.002571412599921732]",0.012012366356014405,0.5181156716417911,0.9995758230237703
J,cd4_mix,linear_k100_r10+cis,268,0.538487338587959,0.03848733858795908,"[0.024260020124098607, 0.05407058807088154]",0.012434372798062721,0.5185261194029851,0.9989842009982006
J,cd4_mix,string700,268,0.5344764939348202,0.03447649393482028,"[0.0018681172787746675, 0.06622959640002235]",0.006263062952310479,0.5159888059701493,1.060512615908577
J,cd4_mix,string700+cis,268,0.5581502599362737,0.058150259936273686,"[0.024633503829168756, 0.09148324389289506]",0.006489934319379301,0.5161380597014925,1.0599152323530898
J,cd4_mix,string400,268,0.543336687349768,0.04333668734976802,"[0.013149840684219354, 0.0729655794063391]",0.005339876051953165,0.5164925373134329,1.066387602874325
J,cd4_mix,transfer_ceiling,268,0.7111073844261838,0.21110738442618368,"[0.1606332802280731, 0.26258594667113866]",0.005807562201655156,0.5237686567164179,1.1826904718836841
J,orion_hct116,common,242,0.5,0.0,"[0.0, 0.0]",0.020407639362528117,0.5075206611570248,1.0004232679291511
J,orion_hct116,cis,242,0.5650697849867975,0.06506978498679743,"[0.025531746167826892, 0.10646839957477447]",0.0011421972498569246,,0.999922088631004
J,orion_hct116,linear_k25_r1,242,0.505281026027914,0.005281026027913996,"[-0.0068241829841226235, 0.018997976749768525]",0.019867601409567812,0.5061776859504132,1.0004398109089916
J,orion_hct116,linear_k25_r1+cis,242,0.5342923768046364,0.03429237680463633,"[0.01784703885326292, 0.05253720722883303]",0.021009798659424733,0.5064462809917355,1.0003633847004239
J,orion_hct116,linear_k25_r10,242,0.5004286547100579,0.0004286547100579531,"[-0.002058399917698299, 0.0028805596515894503]",0.020217347959606297,0.5067561983471074,1.0004137008892076
J,orion_hct116,linear_k25_r10+cis,242,0.5302458763416893,0.030245876341689244,"[0.01702530777408183, 0.04492472823291382]",0.021214832317579577,0.5070247933884298,1.0003370874695094
J,orion_hct116,linear_k50_r1,242,0.5072013991289737,0.007201399128973631,"[-0.008010270566852988, 0.02261839443091799]",0.019377679765505678,0.508202479338843,1.000487183204213
J,orion_hct116,linear_k50_r1+cis,242,0.5361441651520866,0.036144165152086696,"[0.01800264051301396, 0.05479964678851892]",0.020993741563004212,0.5084504132231404,1.0004109168778166
J,orion_hct116,linear_k50_r10,242,0.5009258941737251,0.0009258941737251831,"[-0.0017664860601488259, 0.003789736291622373]",0.019500645209319285,0.5076239669421487,1.0004175667941968
J,orion_hct116,linear_k50_r10+cis,242,0.5308631391241727,0.030863139124172698,"[0.01825983333904873, 0.04576446280991735]",0.020498129567292564,0.5078512396694215,1.0003409816496376
J,orion_hct116,linear_k100_r1,242,0.5054696341003395,0.005469634100339494,"[-0.009070333664826312, 0.01869020266794691]",0.021310388591677863,0.5047727272727273,1.0005881710919096
J,orion_hct116,linear_k100_r1+cis,242,0.5325606117760022,0.032560611776002196,"[0.014656561846301566, 0.05116894139432801]",0.02235648743676831,0.5050619834710743,1.0005120053724663
J,orion_hct116,linear_k100_r10,242,0.5005658242172765,0.0005658242172764961,"[-0.002315164089023018, 0.0033949453036589963]",0.019558323600306893,0.5069421487603306,1.0004272786974193
J,orion_hct116,linear_k100_r10+cis,242,0.5303658996605055,0.030365899660505468,"[0.01795163060251706, 0.04496459312094917]",0.020555807958280176,0.5071694214876032,1.0003507097731072
J,orion_hct116,string700,242,0.5265422996467884,0.02654229964678852,"[-0.011561674839683142, 0.06684141490346693]",0.02270403649667913,0.5039462809917356,1.0310553669725124
J,orion_hct116,string700+cis,242,0.54667192483111,0.04667192483111004,"[0.007131528411234178, 0.08292582558897153]",0.023750662084362544,0.5042148760330579,1.030974060377345
J,orion_hct116,string400,242,0.5100819587805631,0.010081958780563078,"[-0.03060766091697816, 0.04928071739652274]",0.022068158792621886,0.5040289256198347,1.0376143364553105
J,orion_hct116,transfer_ceiling,242,0.734851342546552,0.2348513425465519,"[0.17687622166592365, 0.29165237817633133]",0.05534502689697997,0.517293388429752,1.093436117944133
J,orion_hek293t,common,254,0.5,0.0,"[0.0, 0.0]",0.023451560335065076,0.5061220472440945,1.0009812186254505
J,orion_hek293t,cis,254,0.5642059070679406,0.06420590706794063,"[0.02158273941053811, 0.10773104634153934]",0.0009457556094395784,,0.999994584850894
J,orion_hek293t,linear_k25_r1,254,0.504372724160468,0.0043727241604680795,"[-0.008839205129003146, 0.018456086022843973]",0.0249108550195062,0.5083858267716536,1.001036271742658
J,orion_hek293t,linear_k25_r1+cis,254,0.5338769412716691,0.0338769412716691,"[0.014377470355731226, 0.054965609535962134]",0.02597737774164565,0.5087204724409449,1.0010333467082835
J,orion_hek293t,linear_k25_r10,254,0.5012604649715228,0.0012604649715228264,"[-0.0014005166350253646, 0.003937007874015747]",0.0235154232059778,0.506732283464567,1.0009704450194212
J,orion_hek293t,linear_k25_r10+cis,254,0.5318539727988546,0.03185397279885469,"[0.017941785191870775, 0.04777473467990414]",0.02446117881541738,0.5070472440944883,1.000967240534106
J,orion_hek293t,linear_k50_r1,254,0.5087298870249914,0.008729887024991442,"[-0.008496856618219169, 0.026241791416389125]",0.024988564563369856,0.5081299212598425,1.0011846652219458
J,orion_hek293t,linear_k50_r1+cis,254,0.5377672652578507,0.03776726525785068,"[0.015777208925959352, 0.06190750365690452]",0.025853973073339725,0.5084842519685039,1.0011819684079213
J,orion_hek293t,linear_k50_r10,254,0.5010426068282966,0.0010426068282966602,"[-0.0021011639849366657, 0.004450530640191714]",0.02468144091515893,0.5077952755905513,1.0009880829617603
J,orion_hek293t,linear_k50_r10+cis,254,0.5319006566866888,0.03190065668668887,"[0.017332171423236127, 0.04783697986368304]",0.025546849425128804,0.5080905511811024,1.0009849189988063
J,orion_hek293t,linear_k100_r1,254,0.5068314089197348,0.006831408919734834,"[-0.010600354797547545, 0.023995518346767913]",0.023963415891925247,0.5073228346456693,1.0013629416340748
J,orion_hek293t,linear_k100_r1+cis,254,0.5349351093959106,0.034935109395910484,"[0.01247977031527186, 0.06017553141825651]",0.025032996301803334,0.5076377952755905,1.0013604286036162
J,orion_hek293t,linear_k100_r10,254,0.5004824001742866,0.0004824001742865131,"[-0.003206405029410852, 0.004093009865861623]",0.024697711694116106,0.506515748031496,1.0010046837130773
J,orion_hek293t,linear_k100_r10+cis,254,0.5307646820827238,0.03076468208272385,"[0.01489138215430581, 0.047369362920544014]",0.025563120204085972,0.5066929133858268,1.00100154974266
J,orion_hek293t,string700,254,0.5186735551336715,0.018673555133671534,"[-0.011995424978992253, 0.04989145996078553]",0.02776667524036015,0.511476377952756,1.0535267861658801
J,orion_hek293t,string700+cis,254,0.5352618966107497,0.035261896610749736,"[0.0016763406056456388, 0.06931740375338453]",0.028821892105140464,0.511771653543307,1.0535161412611924
J,orion_hek293t,string400,254,0.5308269272665027,0.030826927266502754,"[-0.0026088512651333625, 0.06693574740904419]",0.025146568707901464,0.5136614173228345,1.061231832907054
J,orion_hek293t,transfer_ceiling,254,0.7549095888705611,0.25490958887056114,"[0.2067088637141701, 0.30282670940835954]",0.049838928105727834,0.5299015748031496,1.1584300426548757
