target,metric,matched,mismatched_median,discrimination
AGO1,raw_cosine,0.041475304383931766,-0.0007695266473654724,0.9833333333333333
AKT2,raw_cosine,-0.01391814084575674,0.0012121868198864555,0.26666666666666666
ALG12,raw_cosine,0.0034236937655179973,0.004634132639474939,0.48333333333333334
API5,raw_cosine,-0.009839456222652011,0.0006258378885199577,0.3333333333333333
BCL6,raw_cosine,-0.003569859464143106,-0.0012884334397082454,0.45
BRPF1,raw_cosine,0.08005360467012987,0.00926301860601703,0.95
C5orf22,raw_cosine,0.1251669296972341,0.003881784491487953,1.0
CARM1,raw_cosine,0.01895344975238313,0.006240288046034758,0.7
CHD3,raw_cosine,0.01678582739903371,0.007077085284921946,0.7
COIL,raw_cosine,0.04633821671841256,-0.007718497086782238,0.9333333333333333
CYTH2,raw_cosine,0.00022828228010563807,0.005872302218934474,0.4
DCP2,raw_cosine,-0.05343880472172874,0.006555019284156696,0.03333333333333333
DEK,raw_cosine,-0.0024267718827421965,-0.0004156032594652528,0.43333333333333335
DTNBP1,raw_cosine,0.019267789716341174,-0.005993006399486916,0.7666666666666667
ELK1,raw_cosine,0.028364278124621372,-0.0006301089269931193,0.8833333333333333
EPC2,raw_cosine,0.0801988522933271,0.002137731628912143,1.0
EZH2,raw_cosine,0.01694417543937186,0.0028571854921237067,0.6666666666666666
FCGRT,raw_cosine,-0.01760463340365225,0.006557929683110548,0.15
GTF2IRD1,raw_cosine,-0.00868693253521048,0.005162678417894147,0.36666666666666664
HMGXB3,raw_cosine,0.10445110167235504,-0.004179595093160294,1.0
KMT2A,raw_cosine,0.13315945834855045,0.006301280718089903,1.0
LDLR,raw_cosine,0.04507004073133431,-0.0002856145190881393,0.9666666666666667
LENG1,raw_cosine,0.05390692484889079,-0.0003957679854956595,0.9833333333333333
LPCAT3,raw_cosine,-0.030694569318009703,-0.004754247934977885,0.06666666666666667
MAP2K2,raw_cosine,0.007356743072973879,0.0005736502606214325,0.65
MSANTD4,raw_cosine,0.017493005707463358,0.0016755252735328736,0.65
MTF1,raw_cosine,0.22864513128640437,0.00510491537647136,1.0
MYPOP,raw_cosine,0.05169642945122351,0.0012218444472492348,0.95
NAIF1,raw_cosine,0.0472143209749751,0.004068524746101935,0.9
PAN2,raw_cosine,-0.006458191989659996,0.0034030588782223595,0.38333333333333336
PHF19,raw_cosine,-0.0728846405826428,-0.0013272781575813994,0.0
PHF23,raw_cosine,0.18554098784109008,-0.005581532152949088,1.0
PIN1,raw_cosine,0.02455711768009887,-0.006716761836853427,0.85
PPIF,raw_cosine,-0.0012624403784676859,0.001297380099055923,0.45
PRMT7,raw_cosine,0.054435773729900334,0.0009384593634280021,1.0
PRNP,raw_cosine,-0.027234678301990712,0.0008338608492152968,0.11666666666666667
PSKH1,raw_cosine,-0.006197461523466165,-0.0013463423880922876,0.38333333333333336
RABEP2,raw_cosine,-0.029204680488628714,-0.007552614337438456,0.16666666666666666
RBM26,raw_cosine,0.1496445296588648,0.0074858509973803715,1.0
RFK,raw_cosine,0.009421113721526665,0.010313598400632791,0.5
RNF141,raw_cosine,-0.005104164574008286,0.0010571639985885064,0.36666666666666664
SH2D3A,raw_cosine,-0.025676236769137738,-0.010626867557919886,0.2
SMARCA5,raw_cosine,0.02784740884990386,0.008531406794146093,0.7166666666666667
STT3A,raw_cosine,0.032069659496480996,-0.002538733725489752,0.9166666666666666
TARBP2,raw_cosine,-0.004782626637805642,-0.0013019386732902464,0.38333333333333336
THAP7,raw_cosine,0.05242042341467805,-0.0028271808819592885,1.0
TRIM35,raw_cosine,0.03287924361010234,0.006446620048207884,0.9
UPF3B,raw_cosine,0.0721062435541062,0.0014911622122241444,1.0
UROS,raw_cosine,0.05570931257575444,-0.0010101893772303128,1.0
ZBTB34,raw_cosine,-0.0010948496285604222,-0.008633303817866589,0.5666666666666667
ZC3HAV1,raw_cosine,0.005977879184259853,-0.003444953991153627,0.6166666666666667
ZHX3,raw_cosine,0.10172587701664122,0.0013390553404399833,1.0
ZKSCAN2,raw_cosine,-0.030419119666346296,-0.0065361726771198,0.15
ZKSCAN3,raw_cosine,-0.02491031384437668,0.004232338328311426,0.08333333333333333
ZNF219,raw_cosine,0.027055462583504743,0.0049643025321728955,0.8166666666666667
ZNF25,raw_cosine,0.00288872801996643,0.008630148712708435,0.43333333333333335
ZNF251,raw_cosine,0.005296630271191523,-0.006252311605255327,0.6833333333333333
ZNF324,raw_cosine,0.05566794706452426,0.008539431933766696,0.9333333333333333
ZNF410,raw_cosine,0.008879393321713764,-0.0013796901227305554,0.65
ZNF821,raw_cosine,0.019967117964050166,0.005092719735263601,0.8
ZRANB3,raw_cosine,0.025127740026622217,0.0012220762706773663,0.8833333333333333
AGO1,raw_pearson,0.04219005475085082,-0.0010376685800205592,0.9833333333333333
AKT2,raw_pearson,-0.015985386120671755,0.003789403832771177,0.21666666666666667
ALG12,raw_pearson,0.0034532525745860597,0.005487925375126976,0.4666666666666667
API5,raw_pearson,-0.009063954731928855,0.0006295425870970488,0.35
BCL6,raw_pearson,-0.006806973393647962,-0.0009742067450245035,0.38333333333333336
BRPF1,raw_pearson,0.0782966534674266,0.010054757386836762,0.95
C5orf22,raw_pearson,0.120593077589425,0.002374772303888332,1.0
CARM1,raw_pearson,0.023429188815492014,0.006499408746759144,0.8166666666666667
CHD3,raw_pearson,0.018004834481023763,0.007569570397631798,0.7333333333333333
COIL,raw_pearson,0.046757639190051936,-0.007700301255734134,0.9333333333333333
CYTH2,raw_pearson,0.001236676800137351,0.006266053933951438,0.43333333333333335
DCP2,raw_pearson,-0.05352103429478745,0.005034280625846388,0.06666666666666667
DEK,raw_pearson,-0.003141521000455745,-0.00016322940167439462,0.43333333333333335
DTNBP1,raw_pearson,0.02553591567543863,-0.004630292162780001,0.8333333333333334
ELK1,raw_pearson,0.032768699390674484,0.0010152192789449515,0.8833333333333333
EPC2,raw_pearson,0.0852263693570385,0.0018304307357093611,1.0
EZH2,raw_pearson,0.0170235892693697,0.0030676403945359637,0.6666666666666666
FCGRT,raw_pearson,-0.008933075033508675,0.006208883449607343,0.25
GTF2IRD1,raw_pearson,-0.007341933922198476,0.004848126171237702,0.36666666666666664
HMGXB3,raw_pearson,0.10486615409656867,-0.002282419721662628,1.0
KMT2A,raw_pearson,0.12365411806273541,0.006985929236677101,1.0
LDLR,raw_pearson,0.04836569263209804,-0.0005466535315653694,0.9833333333333333
LENG1,raw_pearson,0.05199093326742758,-3.9362818614289325e-05,0.9833333333333333
LPCAT3,raw_pearson,-0.029746986598737417,-0.003195726551569931,0.06666666666666667
MAP2K2,raw_pearson,0.009724569957362712,0.0010439204531974122,0.6833333333333333
MSANTD4,raw_pearson,0.020268895549608992,-4.513610424983542e-05,0.6666666666666666
MTF1,raw_pearson,0.2284636108016188,0.006146255603357348,1.0
MYPOP,raw_pearson,0.05280128069836745,0.0024694318042479124,0.95
NAIF1,raw_pearson,0.04906044600524306,0.0060433159938547,0.9
PAN2,raw_pearson,-0.0018793231421211718,0.0032798776852386337,0.43333333333333335
PHF19,raw_pearson,-0.07120046485901964,-0.0015108312641562084,0.0
PHF23,raw_pearson,0.1989086339813715,-0.008142165305397901,1.0
PIN1,raw_pearson,0.024660727803708326,-0.006118658851792192,0.8666666666666667
PPIF,raw_pearson,-0.0012292999028922652,0.0009837257759869335,0.45
PRMT7,raw_pearson,0.05422928277473784,0.005162995190368702,1.0
PRNP,raw_pearson,-0.027890699993391083,0.004880663821050952,0.1
PSKH1,raw_pearson,-0.003986948726407581,-0.0017667568380098533,0.43333333333333335
RABEP2,raw_pearson,-0.027125673970225993,-0.007380126711745139,0.2
RBM26,raw_pearson,0.14970848761917174,0.007549070847893542,1.0
RFK,raw_pearson,0.008744826446085357,0.013234018070297709,0.45
RNF141,raw_pearson,-0.004586030783996504,0.0010104832429781439,0.38333333333333336
SH2D3A,raw_pearson,-0.033452522734039654,-0.011859478752474837,0.11666666666666667
SMARCA5,raw_pearson,0.03235498022748067,0.0070306358180886735,0.7833333333333333
STT3A,raw_pearson,0.033255689624577,-0.0031673859554425124,0.9166666666666666
TARBP2,raw_pearson,-0.005922319861076148,-0.0018823622509375922,0.36666666666666664
THAP7,raw_pearson,0.0534308044197573,-0.0019485749328439377,1.0
TRIM35,raw_pearson,0.03226491237263713,0.006687997060663463,0.9
UPF3B,raw_pearson,0.07925644026596039,0.0007906178596125797,1.0
UROS,raw_pearson,0.05622547772374234,-0.0005128271577110663,1.0
ZBTB34,raw_pearson,-0.004964410423853738,-0.006983106541076265,0.55
ZC3HAV1,raw_pearson,0.005952428851299034,-0.003552330802747552,0.6166666666666667
ZHX3,raw_pearson,0.10027166811154702,0.00044928254109321945,1.0
ZKSCAN2,raw_pearson,-0.03403924075327531,-0.00792816304051824,0.11666666666666667
ZKSCAN3,raw_pearson,-0.01887531439938259,0.005394272918180072,0.18333333333333332
ZNF219,raw_pearson,0.02262005360311653,0.005270020343770525,0.7833333333333333
ZNF25,raw_pearson,0.004340689935006637,0.009632608216009886,0.45
ZNF251,raw_pearson,0.005419139470394556,-0.006362719620508507,0.6833333333333333
ZNF324,raw_pearson,0.05398621585929716,0.006343592670194586,0.9166666666666666
ZNF410,raw_pearson,0.012448392357572115,-0.0009737679500323624,0.6666666666666666
ZNF821,raw_pearson,0.01838367349825765,0.0052527700661959996,0.75
ZRANB3,raw_pearson,0.02686398738874047,0.0031999916855949798,0.9
AGO1,source_mean_removed_cosine,0.04379741090728463,0.003969175219911825,0.9833333333333333
AKT2,source_mean_removed_cosine,-0.011521073959353523,-7.709591362832925e-05,0.31666666666666665
ALG12,source_mean_removed_cosine,0.0032331544361061428,0.002720432829311917,0.5
API5,source_mean_removed_cosine,-0.015273583998933827,-0.002386852763913295,0.3333333333333333
BCL6,source_mean_removed_cosine,-0.007267835452910295,-0.0025074075547180984,0.4166666666666667
BRPF1,source_mean_removed_cosine,0.07246420473454304,-0.004262189694133355,0.9666666666666667
C5orf22,source_mean_removed_cosine,0.122308104511592,-0.00668324190764564,1.0
CARM1,source_mean_removed_cosine,0.01522342072648223,-0.0009432508285705005,0.7
CHD3,source_mean_removed_cosine,0.019534373592779927,0.001641081373085061,0.85
COIL,source_mean_removed_cosine,0.053738795583185554,-0.004183910675773667,0.95
CYTH2,source_mean_removed_cosine,-0.007177654809261275,-0.0027574772908540044,0.4
DCP2,source_mean_removed_cosine,-0.054210976047024566,0.0011398263470927675,0.06666666666666667
DEK,source_mean_removed_cosine,-0.0028090435658596254,0.00016832929006288885,0.48333333333333334
DTNBP1,source_mean_removed_cosine,0.024924425616948676,-0.0015270963070113336,0.7666666666666667
ELK1,source_mean_removed_cosine,0.02208597425240568,-0.00218236679159973,0.8166666666666667
EPC2,source_mean_removed_cosine,0.06907313185569015,-0.0017053929887443837,1.0
EZH2,source_mean_removed_cosine,0.015820317620428907,0.001310182729608922,0.6666666666666666
FCGRT,source_mean_removed_cosine,-0.009406320605990682,0.003236240326732248,0.2833333333333333
GTF2IRD1,source_mean_removed_cosine,-0.007551016593429057,-3.2359246712388074e-05,0.38333333333333336
HMGXB3,source_mean_removed_cosine,0.10863487564669203,0.00036076400841271027,1.0
KMT2A,source_mean_removed_cosine,0.10863518894467251,-0.0014521506271013185,1.0
LDLR,source_mean_removed_cosine,0.03485608955363337,-0.0002014365807646736,0.9333333333333333
LENG1,source_mean_removed_cosine,0.04837456881205682,-0.0026586300725401656,0.9666666666666667
LPCAT3,source_mean_removed_cosine,-0.03537393251415231,-0.0008775958658464222,0.06666666666666667
MAP2K2,source_mean_removed_cosine,0.007287530487698947,0.002810861851431679,0.6166666666666667
MSANTD4,source_mean_removed_cosine,0.0031201598461999807,-0.0007547620249617467,0.55
MTF1,source_mean_removed_cosine,0.22205412697647808,-0.008799568158411594,1.0
MYPOP,source_mean_removed_cosine,0.04723442608089693,-0.007897367799389945,0.95
NAIF1,source_mean_removed_cosine,0.05149731923928466,0.0036800252952957422,0.9
PAN2,source_mean_removed_cosine,-0.011008160395661288,0.004176068494258915,0.31666666666666665
PHF19,source_mean_removed_cosine,-0.06964930068567166,0.005314760392625798,0.0
PHF23,source_mean_removed_cosine,0.19970561623318592,-0.0046842584333229124,1.0
PIN1,source_mean_removed_cosine,0.03379715773540564,-0.0026477678742844067,0.9
PPIF,source_mean_removed_cosine,0.0016809044137750335,0.0048141897146361905,0.4666666666666667
PRMT7,source_mean_removed_cosine,0.05247866056001312,-0.00038544421503992893,1.0
PRNP,source_mean_removed_cosine,-0.0313504720829939,-0.0022697851505818238,0.1
PSKH1,source_mean_removed_cosine,0.0023657994891085944,-0.003734946971639946,0.55
RABEP2,source_mean_removed_cosine,-0.03821821184308643,-0.0006903046178090896,0.06666666666666667
RBM26,source_mean_removed_cosine,0.14407375547270346,-0.0062288752848938716,1.0
RFK,source_mean_removed_cosine,0.0029553475406739233,0.00016380849257917064,0.55
RNF141,source_mean_removed_cosine,-0.004962531323744084,-0.00074571367141748,0.45
SH2D3A,source_mean_removed_cosine,-0.023863160552930418,-0.005586495248063534,0.16666666666666666
SMARCA5,source_mean_removed_cosine,0.03121108647197118,0.001597438328908889,0.8166666666666667
STT3A,source_mean_removed_cosine,0.02895017041143677,-0.0016907959908130314,0.9
TARBP2,source_mean_removed_cosine,0.004769436783295412,0.005909670568518736,0.48333333333333334
THAP7,source_mean_removed_cosine,0.06920437349776656,0.0011287787836777121,1.0
TRIM35,source_mean_removed_cosine,0.02256639683458374,-0.0014243657324509418,0.8333333333333334
UPF3B,source_mean_removed_cosine,0.07025493196059691,8.468367013439362e-07,1.0
UROS,source_mean_removed_cosine,0.05765819035410918,-0.00041873021858354365,1.0
ZBTB34,source_mean_removed_cosine,-0.0018537758993215341,-0.0032564849431673,0.5166666666666667
ZC3HAV1,source_mean_removed_cosine,0.014548078052455386,0.0007362989942543464,0.7
ZHX3,source_mean_removed_cosine,0.09557902842581854,-0.002540164892854295,1.0
ZKSCAN2,source_mean_removed_cosine,-0.030857572147301525,0.0006563995757900683,0.08333333333333333
ZKSCAN3,source_mean_removed_cosine,-0.032699833085517216,0.00011370204821705966,0.08333333333333333
ZNF219,source_mean_removed_cosine,0.027390797735452863,0.006748582817119916,0.8166666666666667
ZNF25,source_mean_removed_cosine,0.00037474769004614385,0.0016708656735642334,0.5
ZNF251,source_mean_removed_cosine,0.016846065686400697,0.002042988680998609,0.75
ZNF324,source_mean_removed_cosine,0.046750874249969036,-0.0002845711280749907,0.9166666666666666
ZNF410,source_mean_removed_cosine,0.016034162759268177,0.00029353046309781006,0.6833333333333333
ZNF821,source_mean_removed_cosine,0.021722134816438834,0.0024778826442228945,0.9
ZRANB3,source_mean_removed_cosine,0.017808760605067447,0.00031642718170450847,0.8333333333333334
AGO1,source_mean_removed_pearson,0.045479533539152996,0.0032710930685043733,0.9833333333333333
AKT2,source_mean_removed_pearson,-0.0138491459872423,-6.95067313780827e-05,0.2833333333333333
ALG12,source_mean_removed_pearson,0.0032278675895588615,0.002167722544657031,0.5
API5,source_mean_removed_pearson,-0.01241676549582204,-0.0018078117326599556,0.4166666666666667
BCL6,source_mean_removed_pearson,-0.009476724408582476,-0.0024352678324529274,0.38333333333333336
BRPF1,source_mean_removed_pearson,0.07184697797935025,-0.0036657174390474744,0.9666666666666667
C5orf22,source_mean_removed_pearson,0.11620526000948743,-0.00576152635598306,1.0
CARM1,source_mean_removed_pearson,0.021632064981318967,-0.0018207316918820303,0.8333333333333334
CHD3,source_mean_removed_pearson,0.01969149473141412,0.001427472211985908,0.8666666666666667
COIL,source_mean_removed_pearson,0.05022121650829453,-0.0025750167415007894,0.9333333333333333
CYTH2,source_mean_removed_pearson,-0.00909331591149053,-0.0033499183048531214,0.4166666666666667
DCP2,source_mean_removed_pearson,-0.05457329813405074,0.0002447145026307599,0.06666666666666667
DEK,source_mean_removed_pearson,-0.004889733649040198,-0.0005642244781162211,0.43333333333333335
DTNBP1,source_mean_removed_pearson,0.027543363648483733,-0.0038254935005233664,0.8166666666666667
ELK1,source_mean_removed_pearson,0.024310635897470328,-0.001629525289412657,0.85
EPC2,source_mean_removed_pearson,0.07180443629518532,0.00027119225428589704,0.9833333333333333
EZH2,source_mean_removed_pearson,0.015422546208470103,0.00037202091395852576,0.6666666666666666
FCGRT,source_mean_removed_pearson,-0.00445309976784099,0.00164320727519699,0.3333333333333333
GTF2IRD1,source_mean_removed_pearson,-0.003883190898770755,-0.00015516767005249087,0.43333333333333335
HMGXB3,source_mean_removed_pearson,0.10860941053246273,0.00011864097721057677,1.0
KMT2A,source_mean_removed_pearson,0.10313897821544878,-0.0010455780362591254,1.0
LDLR,source_mean_removed_pearson,0.04073072298379679,-0.0011355596402198723,0.9333333333333333
LENG1,source_mean_removed_pearson,0.04711678200459414,-0.0021625064253466358,0.9666666666666667
LPCAT3,source_mean_removed_pearson,-0.03551505443783383,-0.0009137246224768788,0.06666666666666667
MAP2K2,source_mean_removed_pearson,0.0076343461756131275,0.0027008539399424117,0.6166666666666667
MSANTD4,source_mean_removed_pearson,0.008748405206361269,-0.003366812465123226,0.6
MTF1,source_mean_removed_pearson,0.2222156154584529,-0.008886964232154772,1.0
MYPOP,source_mean_removed_pearson,0.04764916254300988,-0.006637351811551294,0.9666666666666667
NAIF1,source_mean_removed_pearson,0.051548142514444874,0.003707581227174961,0.9
PAN2,source_mean_removed_pearson,-0.002988108475471983,0.0016388123372473148,0.4166666666666667
PHF19,source_mean_removed_pearson,-0.06815449076857416,0.004392673081226454,0.0
PHF23,source_mean_removed_pearson,0.20878492002840013,-0.003800010361824752,1.0
PIN1,source_mean_removed_pearson,0.033808727049728864,-0.002466952859101354,0.8833333333333333
PPIF,source_mean_removed_pearson,0.0015298613669601619,0.003690249149321129,0.48333333333333334
PRMT7,source_mean_removed_pearson,0.051944793797993355,-0.00020049456066382115,1.0
PRNP,source_mean_removed_pearson,-0.031677049761129936,-0.0017418388230325986,0.11666666666666667
PSKH1,source_mean_removed_pearson,0.002752002456352924,-0.003729011156475361,0.55
RABEP2,source_mean_removed_pearson,-0.038327584798502526,-0.0008057191428244943,0.06666666666666667
RBM26,source_mean_removed_pearson,0.14547916706098293,-0.006099670820811552,1.0
RFK,source_mean_removed_pearson,0.002361029681298372,0.0032640056071415444,0.48333333333333334
RNF141,source_mean_removed_pearson,-0.005424357521772279,-0.0005743048185532882,0.4166666666666667
SH2D3A,source_mean_removed_pearson,-0.028746345186543634,-0.005764479219157583,0.15
SMARCA5,source_mean_removed_pearson,0.03430479608362978,0.0010664473650608074,0.85
STT3A,source_mean_removed_pearson,0.0293391839211019,-0.0018817615529233942,0.9
TARBP2,source_mean_removed_pearson,0.002219679493025496,0.005878646505569355,0.4666666666666667
THAP7,source_mean_removed_pearson,0.06727597108541601,-0.00044762913572849925,1.0
TRIM35,source_mean_removed_pearson,0.01825054474738363,-0.001206058026321068,0.7
UPF3B,source_mean_removed_pearson,0.07440664325577015,-0.0021288941076308627,1.0
UROS,source_mean_removed_pearson,0.05719899013957673,-0.0011159667139087682,1.0
ZBTB34,source_mean_removed_pearson,-0.0033871339631692497,-0.0026496356510956488,0.48333333333333334
ZC3HAV1,source_mean_removed_pearson,0.015045649191968744,0.0014534984396565973,0.75
ZHX3,source_mean_removed_pearson,0.09497221101216305,-0.0016080070877856777,1.0
ZKSCAN2,source_mean_removed_pearson,-0.033109979787135944,-0.000687063833899788,0.08333333333333333
ZKSCAN3,source_mean_removed_pearson,-0.028595223208367337,0.0016476957861846246,0.08333333333333333
ZNF219,source_mean_removed_pearson,0.023588511132107682,0.006148588053521694,0.8166666666666667
ZNF25,source_mean_removed_pearson,0.0010178948623030275,0.0019153619940994663,0.48333333333333334
ZNF251,source_mean_removed_pearson,0.01984378254360963,0.002792757146986811,0.8166666666666667
ZNF324,source_mean_removed_pearson,0.044645421148409616,-0.0008719661751196721,0.9166666666666666
ZNF410,source_mean_removed_pearson,0.021276394017410643,-0.00029655083287114306,0.7333333333333333
ZNF821,source_mean_removed_pearson,0.023484334849838417,0.0018344402480952005,0.9
ZRANB3,source_mean_removed_pearson,0.02055586034049016,0.0014779361358773263,0.85
AGO1,raw_sign_top100_k562,0.51,0.495,0.6166666666666667
AKT2,raw_sign_top100_k562,0.5,0.51,0.43333333333333335
ALG12,raw_sign_top100_k562,0.45,0.5,0.075
API5,raw_sign_top100_k562,0.53,0.475,0.775
BCL6,raw_sign_top100_k562,0.45,0.5,0.11666666666666667
BRPF1,raw_sign_top100_k562,0.5,0.51,0.4083333333333333
C5orf22,raw_sign_top100_k562,0.56,0.51,0.8
CARM1,raw_sign_top100_k562,0.57,0.51,0.9083333333333333
CHD3,raw_sign_top100_k562,0.48,0.49,0.4166666666666667
COIL,raw_sign_top100_k562,0.52,0.495,0.7083333333333334
CYTH2,raw_sign_top100_k562,0.48,0.5,0.3
DCP2,raw_sign_top100_k562,0.43,0.505,0.15
DEK,raw_sign_top100_k562,0.51,0.5,0.575
DTNBP1,raw_sign_top100_k562,0.51,0.49,0.6583333333333333
ELK1,raw_sign_top100_k562,0.54,0.51,0.7
EPC2,raw_sign_top100_k562,0.53,0.51,0.6666666666666666
EZH2,raw_sign_top100_k562,0.46,0.5,0.16666666666666666
FCGRT,raw_sign_top100_k562,0.52,0.51,0.5833333333333334
GTF2IRD1,raw_sign_top100_k562,0.58,0.5,0.8833333333333333
HMGXB3,raw_sign_top100_k562,0.61,0.495,1.0
KMT2A,raw_sign_top100_k562,0.59,0.5,0.9666666666666667
LDLR,raw_sign_top100_k562,0.53,0.495,0.8583333333333333
LENG1,raw_sign_top100_k562,0.57,0.51,0.9
LPCAT3,raw_sign_top100_k562,0.44,0.49,0.15833333333333333
MAP2K2,raw_sign_top100_k562,0.52,0.49,0.7166666666666667
MSANTD4,raw_sign_top100_k562,0.48,0.51,0.3
MTF1,raw_sign_top100_k562,0.52,0.505,0.625
MYPOP,raw_sign_top100_k562,0.52,0.5,0.6416666666666667
NAIF1,raw_sign_top100_k562,0.56,0.5,0.8
PAN2,raw_sign_top100_k562,0.56,0.51,0.8833333333333333
PHF19,raw_sign_top100_k562,0.48,0.5,0.38333333333333336
PHF23,raw_sign_top100_k562,0.62,0.49,1.0
PIN1,raw_sign_top100_k562,0.52,0.49,0.6333333333333333
PPIF,raw_sign_top100_k562,0.48,0.495,0.375
PRMT7,raw_sign_top100_k562,0.59,0.51,0.95
PRNP,raw_sign_top100_k562,0.43,0.5,0.08333333333333333
PSKH1,raw_sign_top100_k562,0.47,0.5,0.3
RABEP2,raw_sign_top100_k562,0.49,0.495,0.43333333333333335
RBM26,raw_sign_top100_k562,0.65,0.51,1.0
RFK,raw_sign_top100_k562,0.47,0.495,0.275
RNF141,raw_sign_top100_k562,0.54,0.5,0.775
SH2D3A,raw_sign_top100_k562,0.52,0.5,0.6916666666666667
SMARCA5,raw_sign_top100_k562,0.57,0.515,0.85
STT3A,raw_sign_top100_k562,0.51,0.49,0.5916666666666667
TARBP2,raw_sign_top100_k562,0.46,0.5,0.23333333333333334
THAP7,raw_sign_top100_k562,0.59,0.5,0.9416666666666667
TRIM35,raw_sign_top100_k562,0.54,0.5,0.7583333333333333
UPF3B,raw_sign_top100_k562,0.59,0.505,0.9666666666666667
UROS,raw_sign_top100_k562,0.52,0.5,0.65
ZBTB34,raw_sign_top100_k562,0.47,0.5,0.3
ZC3HAV1,raw_sign_top100_k562,0.51,0.5,0.575
ZHX3,raw_sign_top100_k562,0.54,0.5,0.8
ZKSCAN2,raw_sign_top100_k562,0.37,0.5,0.008333333333333333
ZKSCAN3,raw_sign_top100_k562,0.48,0.5,0.2916666666666667
ZNF219,raw_sign_top100_k562,0.5,0.51,0.43333333333333335
ZNF25,raw_sign_top100_k562,0.57,0.51,0.8583333333333333
ZNF251,raw_sign_top100_k562,0.49,0.49,0.48333333333333334
ZNF324,raw_sign_top100_k562,0.55,0.52,0.7166666666666667
ZNF410,raw_sign_top100_k562,0.52,0.485,0.7916666666666666
ZNF821,raw_sign_top100_k562,0.52,0.5,0.65
ZRANB3,raw_sign_top100_k562,0.53,0.515,0.625
