held_out,shape,arm,targets,pds_proxy,reach_proxy,prec_200,yield_200,mse_ratio,pds_minus_base,pds_minus_base_ci95,pds_minus_base_nb_targets,reach_minus_base,reach_minus_base_ci95,reach_minus_base_nb_targets
k562,t16,base,271,0.7558835588355884,0.09780703948428769,0.5288560885608856,0.5282457671147109,1.071458248084182,0.0,"[0.0, 0.0]",0.0,0.0,"[0.0, 0.0]",0.0
k562,t16,cis_replace_2kb,271,0.7544075440754408,0.0979260729326867,0.528929889298893,0.5283195678527183,1.0715563758323257,-0.0014760147601476019,"[-0.0048243815771491045, 0.0010250102501025006]",-0.005882352941176472,0.00011903344839900011,"[0.0, 0.00035710034519700033]",0.0004743833017077799
k562,t16,cis_min_2kb,271,0.7568949022823562,0.0979260729326867,0.528929889298893,0.5283195678527183,1.0714768116808489,0.0010113434467678003,"[9.56676233428996e-05, 0.002187030203635367]",0.004030501089324616,0.00011903344839900011,"[0.0, 0.00035710034519700033]",0.0004743833017077799
k562,t16,cis_fill_2kb,271,0.7559518928522618,0.09780703948428769,0.5288745387453874,0.5282642172992127,1.0714573164882932,6.833401667349996e-05,"[0.0, 0.0002050020500204999]",0.00027233115468409545,0.0,"[0.0, 0.0]",0.0
k562,t16,cis_add_2kb,271,0.7606259395927292,0.0979260729326867,0.528929889298893,0.5283195678527183,1.0714879853160406,0.004742380757140905,"[0.0018720103867705348, 0.008692086920869207]",0.018899782135076253,0.00011903344839900011,"[0.0, 0.00035710034519700033]",0.0004743833017077799
k562,t16,cis_shuffled_2kb,271,0.7557605576055761,0.09780703948428769,0.5288376383763838,0.528227316930209,1.0715837266199917,-0.00012300123001230133,"[-0.0009293426267596027, 0.0007926745934125995]",-0.0004901960784313773,0.0,"[0.0, 0.0]",0.0
k562,t16,cis_replace_5kb,271,0.7544622112887797,0.0979260729326867,0.5289852398523985,0.5283749184062237,1.0715718673783243,-0.001421347546808802,"[-0.004687713543802105, 0.0009703430367637001]",-0.005664488017429196,0.00011903344839900011,"[0.0, 0.00035710034519700033]",0.0004743833017077799
k562,t16,cis_min_5kb,271,0.7569495694956949,0.0979260729326867,0.5289852398523985,0.5283749184062237,1.071478074798649,0.0010660106601066005,"[9.566762334289997e-05, 0.0023506901735684013]",0.004248366013071893,0.00011903344839900011,"[0.0, 0.00035710034519700033]",0.0004743833017077799
k562,t16,cis_fill_5kb,271,0.7559518928522618,0.09780703948428769,0.5288745387453874,0.5282642172992127,1.0714573164882932,6.833401667349996e-05,"[0.0, 0.0002050020500204999]",0.00027233115468409545,0.0,"[0.0, 0.0]",0.0
k562,t16,cis_add_5kb,271,0.7607079404127375,0.09805785996484273,0.5289852398523985,0.5283749184062237,1.0714872321000106,0.0048243815771491045,"[0.0018573185731857317, 0.00861008610086101]",0.019226579520697167,0.00025082048055503594,"[0.0, 0.0006461815770231435]",0.0009995933857413933
k562,t16,cis_shuffled_5kb,271,0.7553368867022004,0.09780703948428769,0.5288745387453874,0.5282642172992127,1.071574919675853,-0.0005466721333880014,"[-0.0012300123001230013, 8.200082000819978e-05]",-0.00217864923747277,0.0,"[0.0, 0.0]",0.0
k562,t16,cis_replace_10kb,271,0.7544758780921142,0.0979260729326867,0.5290221402214023,0.5284118187752275,1.071564009265274,-0.0014076807434741016,"[-0.0045930709307093085, 0.0012033620336203321]",-0.005664488017429196,0.00011903344839900011,"[0.0, 0.00035710034519700033]",0.0004743833017077799
k562,t16,cis_min_10kb,271,0.7570315703157032,0.0979260729326867,0.5290221402214023,0.5284118187752275,1.0714768507888504,0.0011480114801148012,"[0.0001499931665983315, 0.0023373650403170697]",0.004248366013071893,0.00011903344839900011,"[0.0, 0.00035710034519700033]",0.0004743833017077799
k562,t16,cis_fill_10kb,271,0.7559518928522618,0.09780703948428769,0.5288745387453874,0.5282642172992127,1.0714573164882932,6.833401667349996e-05,"[0.0, 0.0002050020500204999]",0.00027233115468409545,0.0,"[0.0, 0.0]",0.0
k562,t16,cis_add_10kb,271,0.7608172748394151,0.09805785996484273,0.5290036900369003,0.5283933685907255,1.0714935525645664,0.004933716003826705,"[0.0018580019133524668, 0.008651428180948474]",0.019226579520697167,0.00025082048055503594,"[0.0, 0.0006461815770231435]",0.0009995933857413933
k562,t16,cis_shuffled_10kb,271,0.7561705617056171,0.09780703948428769,0.5288376383763838,0.528227316930209,1.0715757562037995,0.0002870028700287005,"[-0.00039633729670630034, 0.0010660106601066]",0.0006535947712418326,0.0,"[0.0, 0.0]",0.0
k562,t19,base,271,0.7768621019543529,0.10556594036801357,0.5341328413284133,0.5334712323657533,1.0820253935687574,0.0,"[0.0, 0.0]",0.0,0.0,"[0.0, 0.0]",0.0
k562,t19,cis_replace_2kb,271,0.7723520568539018,0.10560255468764515,0.5341328413284133,0.5334712323657533,1.0820422441578457,-0.004510045100451005,"[-0.00910209102091021, -0.0010113434467678008]",-0.017973856209150336,3.6614319631568404e-05,"[-0.00014760147601476016, 0.0002574444349094654]",0.00014591883264933878
k562,t19,cis_min_2kb,271,0.7771081044143775,0.10565175517965007,0.5341328413284133,0.5334712323657533,1.082049500899412,0.0002460024600245998,"[-0.00013666803334700116, 0.0007653409867432006]",0.0009803921568627433,8.581481163648846e-05,"[0.0, 0.0002574444349094654]",0.0003419972640218878
k562,t19,cis_fill_2kb,271,0.7768621019543529,0.10565175517965007,0.5341328413284133,0.5334712323657533,1.0820244619728687,0.0,"[0.0, 0.0]",0.0,8.581481163648846e-05,"[0.0, 0.0002574444349094654]",0.0003419972640218878
k562,t19,cis_add_2kb,271,0.7789531228645621,0.10565175517965007,0.5341328413284133,0.5334712323657533,1.0822621236480623,0.0020910209102091015,"[0.0007653409867432006, 0.003676711767117668]",0.008333333333333331,8.581481163648846e-05,"[0.0, 0.0002574444349094654]",0.0003419972640218878
k562,t19,cis_shuffled_2kb,271,0.7764384310509771,0.10556594036801357,0.5340405904059041,0.5333789814432441,1.0821503348306116,-0.00042367090337570043,"[-0.001161678283449501, 0.0004376793767937663]",-0.0016884531590413943,0.0,"[0.0, 0.0]",0.0
k562,t19,cis_replace_5kb,271,0.7724477244772447,0.10560255468764515,0.5341328413284133,0.5334712323657533,1.0820573561593598,-0.0044143774771081045,"[-0.008569085690856907, -0.0009153341533415349]",-0.017592592592592597,3.6614319631568404e-05,"[-0.00014760147601476016, 0.0002574444349094654]",0.00014591883264933878
k562,t19,cis_min_5kb,271,0.7772037720377204,0.10565175517965007,0.5341328413284133,0.5334712323657533,1.0820506864691777,0.0003416700833675002,"[-6.833401667349956e-05, 0.0008473418067514021]",0.0013616557734204787,8.581481163648846e-05,"[0.0, 0.0002574444349094654]",0.0003419972640218878
k562,t19,cis_fill_5kb,271,0.7768621019543529,0.10565175517965007,0.5341328413284133,0.5334712323657533,1.0820244619728687,0.0,"[0.0, 0.0]",0.0,8.581481163648846e-05,"[0.0, 0.0002574444349094654]",0.0003419972640218878
k562,t19,cis_add_5kb,271,0.7790761240945743,0.10565175517965007,0.5341328413284133,0.5334712323657533,1.0822729697886029,0.002214022140221402,"[0.0008473418067514016, 0.00386804701380347]",0.008823529411764706,8.581481163648846e-05,"[0.0, 0.0002574444349094654]",0.0003419972640218878
k562,t19,cis_shuffled_5kb,271,0.7767801011343447,0.10556594036801357,0.5340959409594096,0.5334343319967496,1.0821425991809945,-8.200082000819856e-05,"[-0.0005740057400573974, 0.000410004100041001]",-0.000326797385620909,0.0,"[0.0, 0.0]",0.0
k562,t19,cis_replace_10kb,271,0.7723793904605714,0.10560255468764515,0.5341512915129151,0.5334896825502551,1.082029001518503,-0.0044827114937816045,"[-0.008924422577559106, -0.000970343036763701]",-0.017483660130718958,3.6614319631568404e-05,"[-0.00014760147601476016, 0.0002574444349094654]",0.00014591883264933878
k562,t19,cis_min_10kb,271,0.7772721060543939,0.10565175517965007,0.5341512915129151,0.5334896825502551,1.0820482434656573,0.0004100041000410006,"[-1.2290291785518337e-18, 0.000916017493508268]",0.0014705882352941174,8.581481163648846e-05,"[0.0, 0.0002574444349094654]",0.0003419972640218878
k562,t19,cis_fill_10kb,271,0.7768621019543529,0.10565175517965007,0.5341328413284133,0.5334712323657533,1.0820244619728687,0.0,"[0.0, 0.0]",0.0,8.581481163648846e-05,"[0.0, 0.0002574444349094654]",0.0003419972640218878
k562,t19,cis_add_10kb,271,0.7792127921279214,0.10565175517965007,0.5341512915129151,0.5334896825502551,1.0822845657540343,0.002350690173568403,"[0.0009973349733497332, 0.004046057127237938]",0.008932461873638345,8.581481163648846e-05,"[0.0, 0.0002574444349094654]",0.0003419972640218878
k562,t19,cis_shuffled_10kb,271,0.7773541068744021,0.10556594036801357,0.5341697416974169,0.533508132734757,1.082142823082835,0.0004920049200492021,"[-0.0002460024600245998, 0.0013666803334700017]",0.0013616557734204837,0.0,"[0.0, 0.0]",0.0
k562,none,cis_only_2kb,271,0.5455924559245593,0.0016976832895156595,,,0.9997825229021541,,,,,,
k562,none,cis_only_5kb,271,0.5531911985786524,0.0019166474434429129,,,0.9997675584135005,,,,,,
k562,none,cis_only_10kb,271,0.5623069564028973,0.0022054525292959696,,,0.9997615554990575,,,,,,
cd4_mix,t16,base,292,0.6718683801722921,0.004712062324905056,0.5160102739726027,0.2127481868273892,1.4273271645513714,0.0,"[0.0, 0.0]",0.0,0.0,"[0.0, 0.0]",0.0
cd4_mix,t16,cis_replace_2kb,292,0.672692180953726,0.004735068188622737,0.5161643835616438,0.2128300561635533,1.4274466961997083,0.0008238007814338853,"[-0.0028715341524266805, 0.0035426375747305006]",0.003207331042382594,2.3005863717680077e-05,"[-4.264652490849945e-05, 9.10418234876644e-05]",8.956949607416778e-05
cd4_mix,t16,cis_min_2kb,292,0.6742691710210423,0.004775513026174424,0.5161815068493151,0.2128356520091975,1.4272882591765588,0.002400790848750177,"[0.0009179494421691856, 0.004272289695429082]",0.009347079037800689,6.345070126936732e-05,"[1.3172061936435674e-05, 0.00011965659149474372]",0.0002470347302754035
cd4_mix,t16,cis_fill_2kb,292,0.672009603163395,0.004714928147109446,0.5160273972602739,0.21275106585721154,1.4273290038045352,0.0001412229911029518,"[0.0, 0.0004236689733088555]",0.0005498281786941591,2.8658222043904396e-06,"[0.0, 8.597466613171319e-06]",1.1157601115760111e-05
cd4_mix,t16,cis_add_2kb,292,0.6774113825730829,0.004818958145636669,0.5161815068493151,0.2128356520091975,1.4270959616784447,0.005543002400790849,"[0.00317722308525161, 0.008238007814338841]",0.021580756013745706,0.00010689582073161306,"[4.909563849895649e-05, 0.0001730463758088298]",0.00041618106204841345
cd4_mix,t16,cis_shuffled_2kb,292,0.6717624629289648,0.004725927335165164,0.5161301369863013,0.21278829573466682,1.427552851665075,-0.00010591724332721368,"[-0.00036482606034929176, 0.00010591724332721368]",-0.0004123711340206186,1.3865010260107593e-05,"[0.0, 4.159503078032278e-05]",5.398110661268556e-05
cd4_mix,t16,cis_replace_5kb,292,0.6725391893800311,0.004722328658079203,0.5161472602739725,0.2128241413837014,1.427469950487915,0.0006708092077390209,"[-0.003012757143529632, 0.00340112036906275]",0.0026116838487972548,1.0266333174145624e-05,"[-5.310278573129207e-05, 7.823769927812067e-05]",3.997025715800696e-05
cd4_mix,t16,cis_min_5kb,292,0.6742574024384503,0.004775513026174424,0.5161643835616437,0.2128297372293456,1.427289589863768,0.0023890222661582645,"[0.0008944122769853616, 0.00421344678246952]",0.00930126002290951,6.345070126936732e-05,"[1.2308952212576497e-05, 0.00012131765731953241]",0.0002470347302754035
cd4_mix,t16,cis_fill_5kb,292,0.672009603163395,0.004714928147109446,0.5160273972602739,0.21275106585721154,1.4273290038045352,0.0001412229911029518,"[0.0, 0.0004236689733088555]",0.0005498281786941591,2.8658222043904396e-06,"[0.0, 8.597466613171319e-06]",1.1157601115760111e-05
cd4_mix,t16,cis_add_5kb,292,0.6775172998164101,0.0048244533082259155,0.5161643835616437,0.2128297372293456,1.4270713356734777,0.005648919644118063,"[0.0033305088735112753, 0.008227121875441319]",0.02199312714776632,0.00011239098332085905,"[5.340335773088874e-05, 0.000181230395837218]",0.00043757556172921127
cd4_mix,t16,cis_shuffled_5kb,292,0.6718095372593325,0.004715245092130193,0.5161472602739726,0.21277227308500013,1.4275587435348795,-5.884291295956332e-05,"[-0.0003530574777573788, 0.00018829732147060104]",-0.00022909507445589988,3.1827672251362222e-06,"[0.0, 9.548301675408667e-06]",1.2391573729863692e-05
cd4_mix,t16,cis_replace_10kb,292,0.672421503554112,0.004702070854899786,0.5160958904109588,0.2128035469453978,1.4274714425703885,0.000553123381819895,"[-0.003237242856470363, 0.003331685731770461]",0.002428407789232535,-9.991470005270261e-06,"[-8.345171477381073e-05, 6.543399791051812e-05]",3.997025715800696e-05
cd4_mix,t16,cis_min_10kb,292,0.6743633196817775,0.004775513026174424,0.5161643835616437,0.21282871815392795,1.4272832171686858,0.0024949395094854784,"[0.0010591724332721364, 0.00433142682295344]",0.00930126002290951,6.345070126936732e-05,"[1.274435780234515e-05, 0.00012440563599237024]",0.0002470347302754035
cd4_mix,t16,cis_fill_10kb,292,0.672021371745987,0.004714928147109446,0.5160273972602739,0.2127500467817939,1.4273248712537976,0.0001529915736948644,"[0.0, 0.00043573177046556425]",0.0005498281786941591,2.8658222043904396e-06,"[0.0, 8.597466613171319e-06]",1.1157601115760111e-05
cd4_mix,t16,cis_add_10kb,292,0.6779292002071271,0.004835302015125519,0.5162157534246575,0.2128604454928322,1.427065558858282,0.006060820034835005,"[0.003683566351268654, 0.008779656828131617]",0.0222680412371134,0.00012323969022046296,"[5.957022535097517e-05, 0.00019447637519292912]",0.00044873316284497133
cd4_mix,t16,cis_shuffled_10kb,292,0.6718213058419243,0.004713977085080513,0.5160102739726028,0.21273792658609858,1.4275784895961527,-4.7074330367649595e-05,"[-0.00029421456479781355, 0.00017652873887869034]",-0.00018327605956471575,1.914760175457171e-06,"[-1.2742911755336092e-06, 7.655717289671927e-06]",7.454799616446586e-06
cd4_mix,t19,base,292,0.6861319022736901,0.0072159465297227336,0.5223972602739726,0.21712020724354797,1.2617633493862148,0.0,"[0.0, 0.0]",0.0,0.0,"[0.0, 0.0]",0.0
cd4_mix,t19,cis_replace_2kb,292,0.684672598032293,0.007276584275236705,0.522568493150685,0.21721108566689562,1.2620975209295118,-0.001459304241397166,"[-0.005095796262298168, 0.0013654497952266613]",-0.005681557846506299,6.063774551397032e-05,"[-2.165442242009005e-05, 0.0001617397873688788]",0.00023608295586772447
cd4_mix,t19,cis_min_2kb,292,0.6881207927317234,0.007322539713495128,0.522568493150685,0.21721108566689562,1.2617319813136232,0.0019888904580332347,"[0.0006237348773713698, 0.0035894176905333533]",0.0077434135166093935,0.0001065931837723936,"[3.6066117019938305e-05, 0.00020352341615502]",0.0004150027954871857
cd4_mix,t19,cis_fill_2kb,292,0.6862260509344256,0.0072159465297227336,0.5224143835616439,0.217123052828687,1.2617651886393786,9.414866073530109e-05,"[0.0, 0.00028244598220590324]",0.0003665521191294389,0.0,"[0.0, 0.0]",0.0
cd4_mix,t19,cis_add_2kb,292,0.6911453184578449,0.007335998783942718,0.522568493150685,0.21721108566689562,1.2617456486903527,0.0050134161841547805,"[0.0027067739961399045, 0.007496587111048346]",0.019518900343642613,0.0001200522542199843,"[4.727474716482942e-05, 0.0002157280758685924]",0.00046740344309647224
cd4_mix,t19,cis_shuffled_2kb,292,0.6858847620392601,0.0072298115399828415,0.5224657534246575,0.21716436236759482,1.2619902948845234,-0.00024714023443016514,"[-0.000506049051452242, -4.678011580285417e-05]",-0.0009621993127147762,1.3865010260107593e-05,"[0.0, 4.159503078032278e-05]",5.398110661268556e-05
cd4_mix,t19,cis_replace_5kb,292,0.6844372263804548,0.0072606619774680334,0.5225171232876712,0.21719641089260616,1.2621375644504007,-0.0016946758932354189,"[-0.0052134820882172965, 0.0014239984936214288]",-0.006597938144329897,4.471544774529965e-05,"[-4.64121799085719e-05, 0.00015167297011096657]",0.00017409214322169995
cd4_mix,t19,cis_min_5kb,292,0.6881207927317234,0.007322539713495128,0.5225342465753424,0.21719924587400868,1.2617368063968208,0.0019888904580332343,"[0.0005884291295956315, 0.0036835663512686523]",0.007743413516609392,0.0001065931837723936,"[3.41073894961265e-05, 0.00020529411679190052]",0.0004150027954871857
cd4_mix,t19,cis_fill_5kb,292,0.6862260509344256,0.0072159465297227336,0.5224143835616439,0.217123052828687,1.2617651886393786,9.414866073530109e-05,"[0.0, 0.00028244598220590324]",0.0003665521191294389,0.0,"[0.0, 0.0]",0.0
cd4_mix,t19,cis_add_5kb,292,0.691286541448948,0.007335998783942718,0.5225513698630138,0.21720558783240543,1.2617411246493577,0.005154639175257731,"[0.0029421456479781574, 0.007791390104975756]",0.020068728522336765,0.0001200522542199843,"[4.924485579907606e-05, 0.00021603141404994612]",0.00046740344309647224
cd4_mix,t19,cis_shuffled_5kb,292,0.6858729934566681,0.007219129296947871,0.5225342465753425,0.21717938737304593,1.2619944775928327,-0.00025890881702207773,"[-0.0006001977121875435, 3.5305747775738535e-05]",-0.0010080183276059559,3.1827672251362222e-06,"[0.0, 9.548301675408667e-06]",1.2391573729863692e-05
cd4_mix,t19,cis_replace_10kb,292,0.6842136233112084,0.007247610874243776,0.5224828767123287,0.21716289224244847,1.262136397317087,-0.0019182789624817595,"[-0.00569658240361531, 0.0010832980275855529]",-0.007010309278350517,3.166434452104208e-05,"[-5.8065674891307e-05, 0.00013473241054262503]",0.00016293454210593989
cd4_mix,t19,cis_min_10kb,292,0.688167867062091,0.007322539713495128,0.5225513698630136,0.21720072582984296,1.2617282873865738,0.0020359647884008844,"[0.0006472720425551935, 0.003766240643976838]",0.007697594501718211,0.0001065931837723936,"[3.673579227582568e-05, 0.00020253736707988721]",0.0004150027954871857
cd4_mix,t19,cis_fill_10kb,292,0.6862378195170175,0.0072159465297227336,0.5224143835616439,0.21712208834659533,1.2617610560886412,0.00010591724332721368,"[0.0, 0.0003059831473897284]",0.0003665521191294389,0.0,"[0.0, 0.0]",0.0
cd4_mix,t19,cis_add_10kb,292,0.6915101445181943,0.007346071306102267,0.5226027397260274,0.2172270184134392,1.2617411605463125,0.005378242244504071,"[0.0030598314738972845, 0.008050004707433035]",0.020297823596792663,0.00013012477637953308,"[5.465300140471438e-05, 0.00022836326429752393]",0.00046740344309647224
cd4_mix,t19,cis_shuffled_10kb,292,0.6860730593607305,0.0072159465297227336,0.522431506849315,0.217132124932712,1.2620234705093023,-5.884291295956332e-05,"[-0.00022389728381113998, 0.00011768582591912665]",-4.5819014891179675e-05,0.0,"[0.0, 0.0]",0.0
cd4_mix,none,cis_only_2kb,292,0.5693287200489573,0.00022201500709345616,,,0.9994458439035151,,,,,,
cd4_mix,none,cis_only_5kb,292,0.5792260980087558,0.00024611383983967253,,,0.9993950082629232,,,,,,
cd4_mix,none,cis_only_10kb,292,0.5966789059925622,0.0003076963115008414,,,0.9993692319711888,,,,,,
orion_hct116,t16,base,265,0.6948542024013722,0.036792859802304526,0.5058679245283019,0.4958904731948886,1.2153753503963785,0.0,"[0.0, 0.0]",0.0,0.0,"[0.0, 0.0]",0.0
orion_hct116,t16,cis_replace_2kb,265,0.6902229845626073,0.03666259002992089,0.5059056603773585,0.4959282090439452,1.2154037568209624,-0.004631217838765008,"[-0.009691252144082332, -0.001057747284162378]",-0.018317503392130254,-0.00013026977238363933,"[-0.00038107927054101606, 9.806831712031895e-05]",-0.0005152461146517076
orion_hct116,t16,cis_min_2kb,265,0.6952544311034877,0.0368614704369529,0.5059056603773585,0.4959282090439452,1.215399726095682,0.0004002287021154955,"[7.146941109205253e-05, 0.0008722841623785021]",0.0015829941203075568,6.86106346483705e-05,"[0.0, 0.0002058319039451115]",0.00027137042062415194
orion_hct116,t16,cis_fill_2kb,265,0.6948542024013722,0.036792859802304526,0.5058679245283019,0.4958904731948886,1.21537531048238,0.0,"[0.0, 0.0]",0.0,0.0,"[0.0, 0.0]",0.0
orion_hct116,t16,cis_add_2kb,265,0.6979702687249856,0.03692542950315053,0.5059056603773585,0.4959282090439452,1.2155830740503242,0.003116066323613496,"[0.0015294453973699273, 0.005061821040594621]",0.012324739936680245,0.00013256970084600403,"[0.0, 0.0003337500363403786]",0.0005243428466297174
orion_hct116,t16,cis_shuffled_2kb,265,0.6950971983990851,0.036792859802304526,0.5058679245283018,0.49590201377008547,1.2154951813077353,0.00024299599771297945,"[-0.00017152658662092403, 0.0006432246998284745]",0.000961103573043874,0.0,"[0.0, 0.0]",0.0
orion_hct116,t16,cis_replace_5kb,265,0.6900371640937679,0.03675243728957947,0.5059056603773585,0.4959282090439452,1.2153856419325502,-0.004817038307604345,"[-0.00963443396226415, -0.0011574471126357942]",-0.019052464947987333,-4.042251272505902e-05,"[-0.00032543394974881125, 0.00026652779223594]",-0.0001598800876438901
orion_hct116,t16,cis_min_5kb,265,0.6952544311034877,0.036951317696611474,0.5059433962264152,0.4959659448930018,1.2154040799959118,0.00040022870211549506,"[7.146941109205252e-05, 0.0008719268153230427]",0.001582994120307555,0.0001584578943069508,"[0.0, 0.00040676304827248197]",0.0006267364476319696
orion_hct116,t16,cis_fill_5kb,265,0.6948542024013722,0.036792859802304526,0.5058679245283019,0.4958904731948886,1.2153771990515638,0.0,"[0.0, 0.0]",0.0,0.0,"[0.0, 0.0]",0.0
orion_hct116,t16,cis_add_5kb,265,0.6979845626072041,0.037015276762809114,0.5059245283018867,0.49594707696847345,1.2156047018476575,0.0031303602058319066,"[0.0014576186392224145, 0.005074685534591199]",0.012381275440976945,0.00022241696050458434,"[0.0, 0.0005087929872068021]",0.0008797088736375349
orion_hct116,t16,cis_shuffled_5kb,265,0.6951114922813035,0.036792859802304526,0.5060188679245283,0.4960616262127169,1.2154899818240408,0.0002572898799313887,"[-0.0007861635220125788, 0.0012296312178387628]",0.0010176390773405674,0.0,"[0.0, 0.0]",0.0
orion_hct116,t16,cis_replace_10kb,265,0.689794168096055,0.036670870506344475,0.5058490566037737,0.49587160527036034,1.2153865674529547,-0.005060034305317324,"[-0.009521154945683242, -0.0014711978273299064]",-0.019052464947987333,-0.00012198929596005615,"[-0.0004297749080434579, 0.00018990909957471616]",-0.0001598800876438901
orion_hct116,t16,cis_min_10kb,265,0.6953116066323614,0.036951317696611474,0.5059433962264152,0.4959659448930018,1.2154025454842259,0.0004574042309891375,"[0.00014258147512864446, 0.0009291023441966855]",0.001582994120307555,0.0001584578943069508,"[0.0, 0.00038552642326227215]",0.0006267364476319696
orion_hct116,t16,cis_fill_10kb,265,0.6948542024013722,0.036792859802304526,0.5058679245283019,0.4958904731948886,1.21537719902033,0.0,"[0.0, 0.0]",0.0,0.0,"[0.0, 0.0]",0.0
orion_hct116,t16,cis_add_10kb,265,0.698327615780446,0.037015276762809114,0.5059245283018867,0.49594707696847345,1.2156049168755427,0.003473413379073759,"[0.0018578473413379084, 0.005346269296740998]",0.013003165988240625,0.00022241696050458434,"[0.0, 0.0005134445556575391]",0.0008797088736375349
orion_hct116,t16,cis_shuffled_10kb,265,0.6946255002858776,0.036792859802304526,0.5058301886792453,0.49586154237727853,1.2155451153346801,-0.00022870211549456729,"[-0.0005006432246998295, 5.7175528873643705e-05]",-0.0008480325644504708,0.0,"[0.0, 0.0]",0.0
orion_hct116,t19,base,265,0.7058747855917668,0.04756018786849057,0.5154528301886793,0.5047348281521941,1.2584694400889163,0.0,"[0.0, 0.0]",0.0,0.0,"[0.0, 0.0]",0.0
orion_hct116,t19,cis_replace_2kb,265,0.6978273299028016,0.047373974814839626,0.5154528301886793,0.5047348281521941,1.258060858427239,-0.008047455688965123,"[-0.013479130931961118, -0.0030588907947398524]",-0.03182948891904116,-0.0001862130536509485,"[-0.0004623493562183602, 7.173330569094791e-05]",-0.0007365143166791246
orion_hct116,t19,cis_min_2kb,265,0.7062607204116639,0.04762879850313895,0.5154528301886793,0.5047348281521941,1.2584870791759812,0.0003859348198970837,"[4.2881646655231524e-05, 0.0008004574042309884]",0.0015264586160108535,6.86106346483705e-05,"[0.0, 0.0002058319039451115]",0.00027137042062415194
orion_hct116,t19,cis_fill_2kb,265,0.7058747855917668,0.04756018786849057,0.5154528301886793,0.5047348281521941,1.2584694001749177,0.0,"[0.0, 0.0]",0.0,0.0,"[0.0, 0.0]",0.0
orion_hct116,t19,cis_add_2kb,265,0.7080760434534019,0.04762879850313895,0.5154716981132075,0.5047536960767223,1.2589357553975424,0.0022012578616352196,"[0.001043453401943967, 0.0036306460834762723]",0.00870646766169154,6.86106346483705e-05,"[0.0, 0.0002058319039451115]",0.00027137042062415194
orion_hct116,t19,cis_shuffled_2kb,265,0.7060748999428246,0.04756018786849057,0.5154150943396226,0.5047086328783345,1.2585898449097717,0.00020011435105774794,"[-0.00021440823327615845, 0.0006292881646655235]",0.0007914970601537791,0.0,"[0.0, 0.0]",0.0
orion_hct116,t19,cis_replace_5kb,265,0.697527158376215,0.04729921188249909,0.5154150943396226,0.5046970923031374,1.25790396855788,-0.008347627215551743,"[-0.014323184676958263, -0.0036867495711835375]",-0.03301673450927182,-0.0002609759859914827,"[-0.0006583539681162276, 0.0001251673296826375]",-0.0010322184520558642
orion_hct116,t19,cis_min_5kb,265,0.7062464265294455,0.04771864576279752,0.515433962264151,0.5047159602276657,1.2584913393776165,0.0003716409376786736,"[1.4293882218410508e-05, 0.0007861635220125783]",0.0014699231117141567,0.000158457894306951,"[0.0, 0.0004279996732826926]",0.0006267364476319704
orion_hct116,t19,cis_fill_5kb,265,0.7058747855917668,0.04756018786849057,0.5154528301886793,0.5047348281521941,1.2584712887441014,0.0,"[0.0, 0.0]",0.0,0.0,"[0.0, 0.0]",0.0
orion_hct116,t19,cis_add_5kb,265,0.7081046312178388,0.04771864576279752,0.5154716981132075,0.5047536960767223,1.2589862957271771,0.0022298456260720404,"[0.0011002715837621464, 0.00361635220125786]",0.008819538670284935,0.000158457894306951,"[0.0, 0.0004279996732826926]",0.0006267364476319704
orion_hct116,t19,cis_shuffled_5kb,265,0.7058033161806747,0.04737337673454699,0.5154150943396226,0.5047086328783343,1.2585839202979672,-7.146941109205337e-05,"[-0.0009576901086335048, 0.0007861635220125796]",-0.0002826775214834947,-0.00018681113394358306,"[-0.0005604334018307492, 0.0]",-0.0007388798581350672
orion_hct116,t19,cis_replace_10kb,265,0.6971269296740995,0.04721764509926409,0.5153584905660377,0.5046404885295525,1.2578906106609549,-0.008747855917667238,"[-0.014708404802744424, -0.0038307604345340193]",-0.03312980551786522,-0.00034254276922647986,"[-0.0007586719468992746, 4.1977918433499034e-05]",-0.0010322184520558642
orion_hct116,t19,cis_min_10kb,265,0.7063607775871927,0.04771864576279752,0.515433962264151,0.5047159602276657,1.2584898228207677,0.00048599199542595766,"[9.96998284734129e-05, 0.000943753573470553]",0.0015829941203075533,0.000158457894306951,"[0.0, 0.00040676304827248256]",0.0006267364476319704
orion_hct116,t19,cis_fill_10kb,265,0.7058747855917668,0.04756018786849057,0.5154528301886793,0.5047348281521941,1.2584712887128673,0.0,"[0.0, 0.0]",0.0,0.0,"[0.0, 0.0]",0.0
orion_hct116,t19,cis_add_10kb,265,0.7085048599199543,0.0477885269647542,0.5155094339622642,0.5047914319257789,1.2589930439133021,0.002630074328187535,"[0.0014865637507146933, 0.004073756432246998]",0.009441429217548617,0.00022833909626362466,"[0.0, 0.0005265593944839229]",0.0009031322464158289
orion_hct116,t19,cis_shuffled_10kb,265,0.7054745568896512,0.04756018786849057,0.5152641509433963,0.5045549539383576,1.2586397279889285,-0.00040022870211549506,"[-0.0007146941109205278, -0.00012864493996569458]",-0.0016395296246042566,0.0,"[0.0, 0.0]",0.0
orion_hct116,none,cis_only_2kb,265,0.561249285305889,0.0009150631334198969,,,0.9998931911476722,,,,,,
orion_hct116,none,cis_only_5kb,265,0.5702830188679245,0.0012773372966678885,,,0.9998831230463665,,,,,,
orion_hct116,none,cis_only_10kb,265,0.5880074328187536,0.0014973959165079298,,,0.9998709589055343,,,,,,
orion_hek293t,t16,base,278,0.6589356673505962,0.03731241137905698,0.5170143884892087,0.4883939571915576,1.3801796325123548,0.0,"[0.0, 0.0]",0.0,0.0,"[0.0, 0.0]",0.0
orion_hek293t,t16,cis_replace_2kb,278,0.6555982650702542,0.03713359542076311,0.517068345323741,0.48844572514646145,1.3801188964341093,-0.003337402280341791,"[-0.0061816611692595376, -0.0011947121003558162]",-0.013254254770500256,-0.0001788159582938724,"[-0.00041862411177109063, 0.0]",-0.0007101548057956646
orion_hek293t,t16,cis_min_2kb,278,0.6591304573669584,0.03731241137905698,0.517068345323741,0.48844572514646145,1.3802338907705218,0.00019479001636236174,"[-0.00011687400981741689, 0.0005973560501779088]",0.0007735946364105223,0.0,"[0.0, 0.0]",0.0
orion_hek293t,t16,cis_fill_2kb,278,0.6589356673505962,0.03731241137905698,0.5170143884892087,0.4883939571915576,1.3801796175542733,0.0,"[0.0, 0.0]",0.0,0.0,"[0.0, 0.0]",0.0
orion_hek293t,t16,cis_add_2kb,278,0.6613510635534894,0.03733447961403954,0.517068345323741,0.48844572514646145,1.3806495808976313,0.00241539620289328,"[0.0010778380905383988, 0.00397371633379217]",0.009592573491490456,2.2068234982566096e-05,"[0.0, 6.620470494769828e-05]",8.764241893076249e-05
orion_hek293t,t16,cis_shuffled_2kb,278,0.6588967093473236,0.03731241137905698,0.5169964028776979,0.48836612425428755,1.380335643395127,-3.895800327247123e-05,"[-0.0006493000545412011, 0.0005454120458146136]",-0.00015471892728210004,0.0,"[0.0, 0.0]",0.0
orion_hek293t,t16,cis_replace_5kb,278,0.6548710490091681,0.03705706090369591,0.5170503597122302,0.48842773953495056,1.380069920609353,-0.00406461834142794,"[-0.006999779237981456, -0.0017008414928706861]",-0.016142341413099538,-0.00025535047536106973,"[-0.0005451121598326206, -3.1009675018605804e-05]",-0.0010141061735768194
orion_hek293t,t16,cis_min_5kb,278,0.6590914993636859,0.03731241137905698,0.517068345323741,0.48844572514646134,1.3802390139938516,0.00015583201308988972,"[-0.00019479001636236095, 0.0005454120458146132]",0.0006188757091284191,0.0,"[0.0, 0.0]",0.0
orion_hek293t,t16,cis_fill_5kb,278,0.6589356673505962,0.03731241137905698,0.5170143884892087,0.4883939571915576,1.3801812654052847,0.0,"[0.0, 0.0]",0.0,0.0,"[0.0, 0.0]",0.0
orion_hek293t,t16,cis_add_5kb,278,0.6614939095654884,0.037411014131106736,0.5170863309352518,0.4884637107579721,1.380689362843662,0.002558242214892345,"[0.0012466561047191117, 0.004103576344700413]",0.01015987622485817,9.86027520497634e-05,"[0.0, 0.0002737400211667241]",0.0003915937867119175
orion_hek293t,t16,cis_shuffled_5kb,278,0.6591044853647768,0.03731241137905698,0.5169064748201438,0.4882714713606356,1.3803992153574312,0.0001688180141807136,"[-0.00042853803599719314, 0.0008051320676310963]",0.0006704486848891197,0.0,"[0.0, 0.0]",0.0
orion_hek293t,t16,cis_replace_10kb,278,0.654728202997169,0.036971688586239976,0.5170143884892086,0.4883968146345831,1.380059436317483,-0.004207464353427006,"[-0.007285795912006855, -0.001818040152715374]",-0.016142341413099538,-0.00034072279281700563,"[-0.000669452605769988, -8.536599013216562e-05]",-0.0010141061735768194
orion_hek293t,t16,cis_min_10kb,278,0.6591304573669584,0.03731241137905698,0.517068345323741,0.48844572514646134,1.3802381736345977,0.00019479001636236215,"[-0.0001168740098174173, 0.0005454120458146132]",0.0006188757091284191,0.0,"[0.0, 0.0]",0.0
orion_hek293t,t16,cis_fill_10kb,278,0.6589356673505962,0.03731241137905698,0.5170143884892087,0.4883939571915576,1.3801812652652303,0.0,"[0.0, 0.0]",0.0,0.0,"[0.0, 0.0]",0.0
orion_hek293t,t16,cis_add_10kb,278,0.6616367555774874,0.037411014131106736,0.5171043165467626,0.48848169636948297,1.3806998955551248,0.00270108822689141,"[0.0013635301145365306, 0.004272394358881124]",0.010366168127900977,9.86027520497634e-05,"[0.0, 0.0002737400211667241]",0.0003915937867119175
orion_hek293t,t16,cis_shuffled_10kb,278,0.6588967093473236,0.03731241137905698,0.5170143884892087,0.4883793850297002,1.3804233100748116,-3.895800327247163e-05,"[-0.0006366387034776505, 0.0004415240370880214]",3.1720657846433043e-18,0.0,"[0.0, 0.0]",0.0
orion_hek293t,t19,base,278,0.6741033166246787,0.042099754524293834,0.5207913669064749,0.49142980587313184,1.4543612717119097,0.0,"[0.0, 0.0]",0.0,0.0,"[0.0, 0.0]",0.0
orion_hek293t,t19,cis_replace_2kb,278,0.6671947640443602,0.0417942017201825,0.5208453237410072,0.4914837627076642,1.453390936684209,-0.006908552580318414,"[-0.01188219099810404, -0.003142287613952159]",-0.02743682310469313,-0.00030555280411133606,"[-0.0006099117139848533, -7.053180984624065e-05]",-0.0012134811363278776
orion_hek293t,t19,cis_min_2kb,278,0.6741033166246787,0.042099754524293834,0.5208453237410072,0.4914837627076642,1.4544057010022575,1.1980824006746294e-18,"[-0.00031166402617977744, 0.0002856920239981309]",4.758098676964957e-18,0.0,"[0.0, 0.0]",0.0
orion_hek293t,t19,cis_fill_2kb,278,0.6741033166246787,0.042099754524293834,0.5207913669064749,0.49142980587313184,1.454361256753828,0.0,"[0.0, 0.0]",0.0,0.0,"[0.0, 0.0]",0.0
orion_hek293t,t19,cis_add_2kb,278,0.6761031607926655,0.042099754524293834,0.5208273381294963,0.4914657770961534,1.4552589770099087,0.0019998441679869115,"[0.0007791600654494466, 0.003507194244604313]",0.00794223826714802,0.0,"[0.0, 0.0]",0.0
orion_hek293t,t19,cis_shuffled_2kb,278,0.6740643586214061,0.042099754524293834,0.5208453237410072,0.4914673672525901,1.4545174214343661,-3.895800327247123e-05,"[-0.0005324260447237877, 0.0005067786925694116]",-0.00015471892728210004,0.0,"[0.0, 0.0]",0.0
orion_hek293t,t19,cis_replace_5kb,278,0.6661558839570942,0.0416411326860481,0.5208273381294962,0.4914759767286553,1.4530958039007433,-0.007947432667584343,"[-0.012661675713580761, -0.003960405682674077]",-0.03156266116554925,-0.0004586218382457306,"[-0.0008254059775218951, -0.00014778778436622095]",-0.0018213838718901872
orion_hek293t,t19,cis_min_5kb,278,0.674155260629042,0.042099754524293834,0.520863309352518,0.4915119479516768,1.4544105204439635,5.194400436329711e-05,"[-0.00028601667402540097, 0.00035062202945225187]",0.0002062919030428085,0.0,"[0.0, 0.0]",0.0
orion_hek293t,t19,cis_fill_5kb,278,0.6741292886268603,0.042099754524293834,0.5207913669064749,0.49142980587313184,1.4543629046048394,2.5972002181648554e-05,"[0.0, 7.791600654494566e-05]",0.00010314595152140425,0.0,"[0.0, 0.0]",0.0
orion_hek293t,t19,cis_add_5kb,278,0.6762979508090279,0.042099754524293834,0.520863309352518,0.4915017483191749,1.4553441305560346,0.0021946341843492724,"[0.0008953847752123207, 0.003727306963093785]",0.008715832903558538,0.0,"[0.0, 0.0]",0.0
orion_hek293t,t19,cis_shuffled_5kb,278,0.6742072046334052,0.042099754524293834,0.5208093525179857,0.49144156117477283,1.4545809105137992,0.00010388800872659221,"[-0.00048048204036049225, 0.0007535127132950664]",0.00041258380608560907,0.0,"[0.0, 0.0]",0.0
orion_hek293t,t19,cis_replace_10kb,278,0.6657663039243695,0.04155576036859216,0.520773381294964,0.49143433181115076,1.4530538029513538,-0.008337012700309065,"[-0.01307722774848713, -0.004207464353427003]",-0.03192367199587416,-0.0005439941557016665,"[-0.0009449428624466916, -0.00021490864827822506]",-0.0018213838718901872
orion_hek293t,t19,cis_min_10kb,278,0.6741163026257695,0.042099754524293834,0.520863309352518,0.4915119479516768,1.4544096076729942,1.2986001090825075e-05,"[-0.00033763602836142437, 0.00029867802508895514]",0.00015471892728210638,0.0,"[0.0, 0.0]",0.0
orion_hek293t,t19,cis_fill_10kb,278,0.6741292886268603,0.042099754524293834,0.5207913669064749,0.49142980587313184,1.4543629044647852,2.5972002181648554e-05,"[0.0, 7.791600654494566e-05]",0.00010314595152140425,0.0,"[0.0, 0.0]",0.0
orion_hek293t,t19,cis_add_10kb,278,0.6764407968210271,0.042099754524293834,0.5209352517985611,0.49157369076521806,1.4553666047023435,0.0023374801963483376,"[0.0010908240916292263, 0.0038831389761836733]",0.008973697782362044,0.0,"[0.0, 0.0]",0.0
orion_hek293t,t19,cis_shuffled_10kb,278,0.6737656805963171,0.042099754524293834,0.520863309352518,0.49149441135960037,1.4546056229640774,-0.00033763602836142637,"[-0.0012469807547463832, 0.0002730306729345765]",-0.0012893243940175357,0.0,"[0.0, 0.0]",0.0
orion_hek293t,none,cis_only_2kb,278,0.5569825727865361,0.0008144776001170938,,,0.9999512990522754,,,,,,
orion_hek293t,none,cis_only_5kb,278,0.5691504558086383,0.0010531924033504948,,,0.9999413415388622,,,,,,
orion_hek293t,none,cis_only_10kb,278,0.5895644495234138,0.0011995328954192829,,,0.9999292651619284,,,,,,
