target,gene,dist,k562_log2fc,hepg2_log2fc,hepg2_cells
AAMP,PNKD,1238,0.18567775442301,-0.0926387219183946,19
ABCE1,ANAPC10,575,0.32633793786593096,0.43738474069038613,27
ACIN1,C14orf119,922,-0.46173637888301033,-0.6086218128289114,78
ADAT3,SCAMP4,0,-1.8168209444167442,-2.529661607748357,119
ALG2,SEC61B,72,-1.3618447721834959,-0.84167155064768,42
ALYREF,ANAPC11,1166,0.11844902630206301,0.1549528743816567,28
ANAPC10,ABCE1,575,-0.3362827023453406,-0.12385467787260362,37
ANAPC11,ALYREF,1166,-0.2437726030268752,-0.5784099835953939,80
ANAPC13,CEP63,1017,-1.702457966594591,-1.5637439390186139,56
ANAPC2,SSNA1,388,-0.26672606783348674,-0.07686597844929055,56
ANAPC5,RNF34,182,-0.31332899695163835,-0.28036864695960806,61
ANKRD11,SPG7,13,0.6537560559539025,0.39790989814520383,102
ARL6IP6,PRPF40A,1429,-0.4924417082465395,-0.45407424661485224,48
ARPC4,TADA3,527,-2.7026281511117625,-2.9530917586260657,66
ATP5F1A,HAUS1,8,-0.2057211712423014,-2.9607317519681344,26
ATP5F1C,KIN,91,-1.1145134337818605,-1.3260094714735922,19
ATP5MD,PDCD11,110,-0.7290388543358589,-1.3791625778092493,23
ATP6V0B,B4GALT2,4456,0.2434713681562429,-1.3059908550711368,53
ATP6V0B,DPH2,4512,-0.16121462905593048,-1.0112036552471126,53
ATP6V1A,NAA50,490,-0.2095369212152179,-1.0279547440785664,45
ATP6V1D,EIF2S1,272,-0.28134915046070724,-0.12040997100088069,36
AURKA,CSTF1,198,0.09895605966295833,-0.781197671243559,114
BOP1,HSF1,68,0.39247515114427867,0.2369813265528221,126
BORA,MZT1,80,-0.8879680735139498,-0.856348257594101,56
BTF3L4,TXNDC12,11,-2.168774725223256,-1.0251722736121616,81
C12orf60,WBP11,646,-0.9218937915456344,-0.8233172926891833,34
C14orf178,SNW1,373,-0.6086993368141397,-2.64862294729363,125
C1orf109,CDCA8,177,-0.37161410190577027,0.2269147047180223,80
C1orf131,GNPAT,3,0.5313170776650404,0.0963611458706502,43
CAD,SLC5A6,4387,-0.9730574350643537,-0.6721950275872768,28
CALR,FARSA,4541,-0.09905821048516272,-0.06177028226432422,86
CAPZB,MICOS10,1247,0.07742230505520031,-0.24471704245822207,13
CCDC115,IMP4,296,-0.792363030137691,-0.8546730570149449,69
CCDC137,OXLD1,63,-0.9542409445235512,-0.5967264370517704,25
CCP110,GDE1,1676,-1.181097681073669,-0.5910312477295709,44
CCT6A,PSPH,76,0.19545453224501386,-0.6399827313661738,96
CDC123,NUDT5,245,-1.5246225301396672,-2.125466448156237,52
CDC26,PRPF4,35,-0.742277700611735,-0.8473234669153993,30
CDC45,UFD1,238,-0.20977813651494367,-0.8026719901616592,32
CDCA5,ZFPL1,46,-0.04212822257392799,0.1790210680736911,93
CEBPZ,NDUFAF7,16,-0.42847876920020783,-2.877777683375209,132
CENPA,SLC35F6,49,0.2288688963880678,-0.81779348162746,44
CENPP,NOL8,11,-1.4045456440960382,-3.209896047599408,59
CENPT,NUTF2,3442,-0.16827096251985912,0.07057673999047501,70
CHAF1A,SH3GL1,1949,-0.6227552790472313,-0.07992232864845444,28
CHCHD4,TMEM43,122,-0.41146831071685247,-0.8668233618378729,63
CHMP1A,SPATA33,2,-0.7828903994057963,-0.45088033447325754,13
CHMP2A,UBE2M,3857,-0.056391510438396,0.11428125079918745,15
CHMP5,BAG1,703,-0.13050907047623347,-0.1273466959283947,30
CHTF18,RPUSD1,360,-0.10822334885307573,-0.5714370618524544,95
CHTF8,UTP4,1558,-0.9307596808795102,-4.118035692451403,14
CHTOP,S100A13,460,-0.8580839120893023,-0.9138271431967272,41
CIAPIN1,COQ9,5,-1.5316378079348303,-2.2166075646438936,99
CMC4,BRCC3,113,-0.2936473547031888,-0.07450463066649288,28
CNN2,TMEM259,5000,-0.011346126244042638,0.09289848139670873,75
CNOT9,USP37,193,-1.3288020118884318,-1.0893246917510804,56
COA5,UNC50,368,-0.41009918529277856,-0.5365954105901508,47
COG4,SF3B3,200,-0.31007878144522966,-0.7114660667473612,39
COG8,NIP7,1924,-0.6594120113975142,-1.0780826879941097,29
COPA,NCSTN,272,-0.059512169189355105,-8.231913966122656,17
COPE,DDX49,260,-0.577829966666819,-2.41795629299579,7
COQ4,TRUB2,258,-1.4453852164161565,-2.4051554900171346,48
COQ5,RNF10,954,-0.35377783257526374,0.20153364235346793,32
COX7B,MAGT1,3544,-0.5960954968976137,-0.39631661234182564,26
CPNE1,RBM12,6,-2.219983471352679,-9.104713944744251,19
CPSF2,NDUFB1,466,0.468887068400521,-0.032351217917902096,6
CPSF3,ITGB1BP1,268,-0.5262314674135679,-2.141265110401273,200
CSNK2B,GPANK1,1056,-1.1422702557956752,-1.5143158379601616,111
CSTF1,AURKA,198,-0.3171280938649155,-2.8495508661170534,265
CUL2,CREM,215,-0.2934138856521491,0.5071512827118393,70
DCAF6,MPC2,1732,-2.79932193993774,-1.7183220085003676,44
DDX19B,AARS,44,-0.22236116620593782,-0.03627362541480729,145
DDX42,CCDC47,2748,-0.004851118513339688,0.06976734031960558,27
DDX49,COPE,260,-0.01089948842062823,-0.10019694591981528,16
DDX5,CEP95,1446,-1.6337449912265314,-1.5373087866284632,99
DDX51,NOC4L,54,-1.097912244830468,-2.293011347582487,147
DDX54,RITA1,463,-1.070539906349629,-1.354739756023206,88
DEPDC5,PRR14L,3660,-0.49449379634674673,-1.181822578203148,41
DESI1,XRCC6,303,-1.0764055365897436,-0.8104047426627669,55
DHFR,MSH3,389,-0.1623309868203857,-1.7284806102419432,21
DHX29,MTREX,14,-1.5653863143784204,-1.7677125558508962,34
DHX37,BRI3BP,4477,-0.14970112899137045,0.08383034271438554,124
DNAJA1,APTX,27,-0.00300069455659506,-0.18416963279236798,65
DNAJC8,ATP5IF1,2985,-0.11167129527131156,-0.18619094417086146,84
DOLK,NUP188,78,-0.2663508454483081,0.008639991728669723,73
DPH2,ATP6V0B,4512,0.051248327044167076,0.012784221168922055,52
DTYMK,ING5,104,-0.47932528179595746,-0.5134822820532746,25
EARS2,UBFD1,174,-0.40534695956000527,0.0033337691804940337,51
EEF1B2,NDUFS1,51,-1.7627704177829597,-1.539370806405185,35
EEFSEC,RUVBL1,740,-0.12468478475783347,-0.496909235510703,56
EIF1AD,BANF1,640,-0.6601271153286769,-1.8100493376827131,40
EIF2B1,GTF2H3,27,-1.5164495827644988,-0.9967861224318882,189
EIF2B4,SNX17,30,-0.5264572386455384,-0.6459735044444895,63
EIF2S1,ATP6V1D,272,0.3034136450125011,0.9734267210286537,78
EIF3E,EMC2,105,-0.22779334738813126,-0.0808613909025559,33
EIF3L,ANKRD54,459,-0.8125611720059628,-0.5932884316681973,44
ELP4,IMMP1L,89,-2.7933722939624577,-2.028211067559896,25
ELP5,CTDNEP1,2023,-0.5183189588007225,-0.40735770910058267,46
EMC1,MRTO4,3,-1.552477994000516,-3.091098745628152,56
EMG1,PHB2,76,-0.6455876369111595,-0.6143519054970176,15
ENY2,NUDCD1,938,-2.165463785523988,-0.8459403527223155,77
ESF1,NDUFAF5,431,-0.6885387948554564,-0.9304429516854681,165
EXOSC4,GPAA1,3777,0.36359931094573006,0.13904910752095448,128
EXOSC5,BCKDHA,351,0.41470778334138403,-0.028709290946625072,134
EXOSC7,ZDHHC3,1041,0.11776328156211852,0.24915484170485327,55
EXOSC8,ALG5,1947,-0.00010025631644074796,-0.5013856080270735,84
FARS2,LYRM4,424,-0.7069681317946163,-1.0855307659690305,26
FARSA,CALR,4541,-0.6396854155321452,-1.198640770992461,47
FBXO42,SZRD1,81,-0.1378153530758853,-0.0570797649083665,276
FEN1,TMEM258,77,-2.375315376430089,-2.1557015988121475,30
FOLR3,ANAPC15,1181,-0.1174373420725413,-0.3795810584683988,105
FTSJ3,PSMC5,2930,-0.8570661316825152,-1.206537112391689,35
GABPA,ATP5PF,1151,-0.6126827793114882,-1.6147402863591866,83
GART,SON,1310,-0.0767660985779252,-0.19148776895483138,65
GEMIN6,SRSF7,36,-0.1332248517785216,0.01540693788775704,24
GET3,TRIR,2392,-0.17853646222579378,-0.2230508349308535,30
GGPS1,ARID4B,1450,-0.07214344332549101,0.04561429698429117,42
GIT2,ANKRD13A,2797,-0.48396243791330196,-0.15073731686856048,45
GLMN,RPAP2,1,-2.178291275657651,-2.592223134187025,26
GNL3,PBRM1,4823,-0.32743173271180986,-1.1224310992458553,116
GNPAT,C1orf131,3,-3.2843865698123897,-3.868335306835567,30
GOLT1B,RECQL,112,-2.2233393271465745,-3.9207076015482447,71
GTF2H3,EIF2B1,27,-0.2724926821074097,-0.31098382360842985,34
GUCD1,SNRPD3,524,-0.3654494979023445,-1.5874350100016386,46
H2AFZ,DNAJB14,3814,-0.1638080674282779,-0.46447485015905055,71
HARS2,HARS,115,-1.355416413574834,-3.43031887872098,16
HAUS1,ATP5F1A,8,-0.17735393671269592,0.3566100663600173,5
HIRA,C22orf39,264,-1.3830237290775733,-1.3825786101340287,129
HNRNPDL,ENOPH1,137,0.2489083927484237,-0.9225216989309074,43
HPS5,GTF2H1,269,-3.9548681174817113,-2.636898189567057,37
HSF1,BOP1,68,0.005641504066923212,-0.36893131672273444,34
HSPA5,GAPVD1,65,0.019154089715446444,0.33116934171155576,150
HSPD1,MOB4,1166,0.04812844977516293,-0.1557536666203268,33
IK,NDUFA2,765,-0.23404904115183933,-0.26453864786964776,176
IMP4,CCDC115,296,-1.1257606608203812,-1.4386190494840227,56
INO80E,HIRIP3,1143,-1.6939050581781685,-0.5747841590836612,26
INTS13,FGFR1OP2,70,-0.3512207985581559,-0.2755855729729044,157
INTS7,DTL,19,-2.5475573914697383,-2.9332236074907123,48
IPO11,DIMT1,425,0.11949783557709953,-0.22622336338512458,59
ISCA2,NPC2,456,-2.664113695938318,-1.6665793010060974,69
ISCU,SART3,1149,-0.07821834528650914,0.0441507554759431,128
ITGB1BP1,CPSF3,268,-1.9265085285174623,-1.9814978572210677,39
JMJD6,METTL23,803,-0.35998973888375985,-2.516528694763566,63
KARS,TERF2IP,938,-0.37195728364258146,-0.016589402311408204,21
KIAA0586,TIMM9,277,-1.7731679946516898,-2.3966767687821267,37
KIAA1143,KIF15,333,-0.7477618815859913,-0.9355555108527863,52
KIF11,IDE,9,0.07206696510087382,0.30474435614150547,96
KIF20A,BRD8,273,-1.9661636334295627,-1.4082229918572042,11
KIF4A,PDZD11,575,-3.263254328009549,-1.3485229953093039,25
KIN,ATP5F1C,91,-0.5819266263345519,-0.8682058294368746,73
KLHL17,NOC2L,159,-0.10331710063878188,-0.13057712621940046,59
KRT10,TMEM99,3543,-2.2512547074748683,-4.8122275851896825,73
KRT8,KRT18,4266,-2.2022552193810196,-1.165313459764886,64
LSM12,G6PC3,3001,0.1620566709784709,-0.09998142939829316,69
LSM3,XPC,18,-0.5937580910236905,-1.2157272554137302,39
LSM5,AVL9,143,-1.5600979092795422,-0.2399345107747753,122
MASTL,YME1L1,841,-0.45578194644340003,-0.6421649064963975,49
MCEE,MPHOSPH10,26,-2.057339306611549,-4.128045186663595,23
MCM4,PRKDC,3,-0.19215209668423486,-0.007364244074648656,28
MCMBP,SEC23IP,37,-0.09324375018029146,-0.36514221033414823,141
MED17,TAF1D,164,-0.21563073614813127,-0.07368367146139672,33
MED19,TMX2,17,-0.479534845949967,-0.36519263343682695,112
MED20,BYSL,82,-0.03552990248348549,-0.5613270950972815,74
MED29,PAF1,149,-0.06230184857362179,-3.307154117052037,38
METTL23,JMJD6,803,0.29989024280523785,-0.12028732273324899,35
MEX3A,LMNA,107,-0.07022623486146913,0.3457867836409405,34
MICOS10,CAPZB,1247,0.0853374025441565,0.034603931404174094,56
MIS12,DERL2,532,-1.3568444831529198,-1.144728859587485,37
MOB4,HSPD1,1166,-0.22624095751418533,-0.12114425993394776,87
MOCS3,DPM1,327,-0.2750561266007731,-1.1026303546136504,25
MRTO4,EMC1,3,-1.0788745157688737,-1.0244630247262274,30
MSTO1,ASH1L,73,-0.03610409484175656,-0.14657008928163145,29
MTREX,DHX29,14,-0.6170466734406961,-1.6424116012359267,26
MVK,MMAB,325,-1.7517865021630141,-1.9429046689081007,153
NAA15,NDUFC1,1118,-0.20709669213801823,-0.4224254125038982,36
NAA50,ATP6V1A,490,-0.6465223961196886,-0.7705895471589538,65
NBEAL1,WDR12,190,-0.13015238761856565,0.02651589211631068,75
NCAPG,DCAF16,86,-1.5756621624415963,-0.6196018426956232,28
NCAPH2,LMF2,376,-0.3447407308316971,-0.7731146665210206,55
NCBP2,NCBP2AS2,80,-0.12092207196875084,-0.9495683204217482,25
NDOR1,TPRN,1469,-0.00612730509478742,-0.10735544469153874,25
NDOR1,TMEM203,14,-0.44317809403335456,-1.3245582364124495,25
NDUFA2,IK,765,-0.3534826859635301,-1.5817058476594865,35
NDUFAF5,ESF1,431,-1.6412542246765305,-3.541467151286237,34
NDUFAF7,CEBPZ,16,-1.7644328218542071,-1.7773739327885518,38
NDUFS3,PTPMT1,94,0.10153825278179698,-0.5511725574390526,32
NDUFS3,CELF1,233,-0.07186955368064359,-0.5374298029682196,32
NEDD8,GMPR2,328,-0.4630268089572598,-0.8835153168080915,6
NELFA,C4orf48,1275,-0.29003229218502125,-1.3062980145782546,43
NFS1,ROMO1,148,-0.6942265620999076,-1.1815547315546118,90
NIFK,TSN,17,0.2843958286191136,-0.7944747651569793,105
NOP16,HIGD2A,275,-0.8649624168821884,-1.7847624658913266,32
NPAT,ATM,129,-0.4046424353463098,-0.9126948123980783,18
NUDT15,SUCLA2,454,-0.22157140698142375,0.2186752592381034,39
NUDT21,OGFOD1,691,-1.3217546129667075,-1.318578530013668,19
NUP43,PCMT1,1089,-0.08272578277009818,0.054586969606638114,67
NUP88,RPAIN,1098,-0.9075592031138786,-1.7859584856427921,200
NUTF2,THAP11,2049,0.20843570096631794,-0.23958757267654232,101
OGFOD1,NUDT21,691,-1.3538731432805036,-1.9589843091551389,58
ORC1,PRPF38A,432,-0.30791740252491206,-1.083277204726915,67
ORC3,RARS2,39,-1.2168624700729138,-1.4120475093010594,33
ORC6,VPS35,217,-0.7189395324261924,-1.541888031501349,52
OSGEP,APEX1,564,-2.191609044319783,-2.2207046504774546,41
PAF1,MED29,149,0.12019443295239875,-1.3348363684410145,34
PALB2,DCTN5,38,-1.0872191539416798,-0.4742695801641054,49
PARN,BFAR,85,-0.5557831142324828,0.14987358041059942,94
PCID2,CUL4A,1265,-0.07671951458653962,-0.10293740677943958,67
PCNX3,MAP3K11,360,-0.690644317382811,-0.5164572835600436,62
PDCD11,ATP5MD,110,-0.5624552300208735,-0.8157875278555032,133
PFDN6,WDR46,843,-0.31239977756682774,-0.08706007928694073,35
PGAM1,RRP12,29,-0.32659533631320936,0.014155417605341482,77
PHB2,EMG1,76,-0.11815997308701047,-0.47035960470049676,57
PI4KA,SNAP29,880,-0.37537140483347436,-2.037386984849752,219
PMPCA,ENTR1,9,-0.590480221111881,-1.6132761127339432,51
POLE,PXMP2,195,-1.5968979215290935,-3.4663556737480796,31
POLR1A,PTCD3,68,-0.59850361127345,-1.4591435770190808,31
POLR2B,NOA1,86,-0.4111920873136547,-0.18534687334684602,133
POLR2I,TBCB,924,-0.5477230010936821,-1.8018454719795,140
POLR3C,RNF115,358,-0.6943062525410842,0.009535203015614864,35
POLR3K,SNRNP25,154,-2.2186411170424924,-10.007116059382206,33
POP1,RIDA,80,-0.21785021502704693,-0.47312298568848304,58
PPP2R3C,PRORP,705,-3.24968121630438,-1.8768719056919094,38
PPP6C,RABEPK,753,-0.25938919198552407,-0.11273830986309709,459
PPWD1,CENPK,316,-0.5052806866336913,-1.3586648983601812,22
PRORP,PPP2R3C,705,-0.9355476450216511,-1.3334867150252827,34
PRPF4,CDC26,35,0.294245195762378,-0.3601806399272167,78
PRPF40A,ARL6IP6,1429,-0.9496233452541754,-0.319088229381029,41
PSMB3,PCGF2,171,0.15793343817663089,-0.9150814293707432,50
PSMC5,FTSJ3,2930,0.32709312884324293,-0.9771401761600088,117
PSMG4,TUBB2B,327,-0.37340157074997987,0.6077920032862422,31
PTCD1,ATP5MF,0,-0.204266626512608,-0.0402371781481135,46
PTCD3,POLR1A,68,-1.3700208800844864,-2.0470272490528796,40
PTPMT1,CELF1,139,0.0699277608897422,-0.2891142532129597,51
PTPMT1,NDUFS3,94,-0.055600755382432365,0.1633808048353161,51
RAD17,AK6,733,-0.5636552901056499,-0.39909018298607035,26
RAD17,TAF9,733,-0.8004045466736139,-0.803708197515882,26
RARS2,ORC3,39,-1.7050013044955883,-2.489618616760385,85
RBBP4,ZBTB8OS,32,-0.4446275093223524,-0.704132873770747,41
RBM10,NDUFB11,1223,-1.8833289934521595,-2.611678314823511,171
RBM12,CPNE1,6,-3.1303037017987556,-3.5019319066001007,22
RELL2,HDAC3,354,-1.6737747428858238,-2.2223253826867566,43
RMI1,HNRNPK,1231,-0.338518541978077,-0.3089808901272386,36
RNF113A,NDUFA1,296,-0.09575649554574994,-1.0872552204325414,36
RNF31,PSME2,887,-1.863061441642622,-2.302769812323902,76
RNMT,FAM210A,81,-0.6095252473375445,-2.020732462125474,53
ROMO1,NFS1,148,-0.22528111966530853,0.10090495519341344,37
RPAIN,NUP88,1098,-0.2892740562470048,-0.38193859704829203,35
RPRD1B,TTI1,53,-1.2981998666408363,-1.076556404909663,18
RRP12,PGAM1,29,-0.610106522173233,-0.4516414951406926,69
SARNP,ORMDL2,122,-1.4929467178118516,-0.45395713086844547,21
SART3,ISCU,1149,-0.10929558178065456,0.090732141241493,355
SDHAF2,CPSF7,73,-0.5828209848838327,-2.0642137139712085,79
SF3A2,PLEKHJ1,891,-0.23112267043415397,-0.7336875252759494,103
SF3B3,COG4,200,0.0489700836539883,-1.6359629637276294,326
SHC1,CKS1B,189,-0.5008503584633235,-2.577557176883562,65
SLBP,TACC3,514,0.14776398850932004,-0.3340851229550278,46
SLC25A42,SUGP2,50,0.30481767125175585,-0.3435521696351544,73
SLC35G6,POLR2A,2920,-0.09828268929251852,-0.5607068101152124,26
SLC39A9,ERH,587,-1.213737158220979,-0.9858410183811767,45
SLC7A6OS,PRMT7,52,-0.4560867501737971,-2.293920050673367,51
SLU7,PTTG1,90,0.02381845323654722,-0.5571854819806185,342
SNRNP25,POLR3K,154,-0.6642610184296016,-1.1524740861322742,35
SNRNP40,ZCCHC17,119,-1.1313746483572111,-0.2472696678601238,65
SOD2,ACAT2,1084,0.15417933456622743,-0.34838348346288983,46
SON,GART,1310,0.05522785616050001,0.34019851905907844,61
SPG7,ANKRD11,13,-0.03546976375475131,-0.06222279721166323,62
SRSF7,GEMIN6,36,0.16512884305117242,-0.3340411784636237,75
STXBP4,COX11,5,-3.011626060950361,-4.148740770217507,58
SUDS3,TAOK3,3565,0.051554407632169445,1.1620254329649602,36
SUPT6H,SDF2,269,0.46040307187947643,0.8785255265559061,29
TACC3,SLBP,514,-0.2572346937018258,-0.44214392924225115,68
TADA2A,ACACA,122,-0.03394060614342575,-0.44828821740103353,38
TADA3,ARPC4,527,-0.7655785244201705,-0.3004743571298022,38
TAF1D,MED17,164,0.09469859545943166,-0.6576039617551446,114
TBCB,POLR2I,924,-1.2766004125930706,-2.3917992329758944,55
TBP,PSMB1,939,0.0019154291643121676,-0.013877941464048818,76
TEN1,ACOX1,247,-0.7999781529491146,-1.0500371340984382,40
TFPT,PRPF31,256,-0.4114063984478578,-1.121890959803132,41
THAP11,NUTF2,2049,0.07551779080507921,0.099269219914167,86
THOC6,HCFC1R1,1771,-2.7619935632922665,-5.3230994897587856,59
TIGD1,EIF4E2,76,-0.49641954403630234,-0.2184219531951774,41
TIMM9,KIAA0586,277,-0.6412850690452905,-1.706073151129373,32
TIPIN,MAP2K1,60,-0.19252335733758974,-0.5742275429962183,26
TMEM127,CIAO1,77,-0.5974177902032367,-0.46966846248501437,39
TMEM199,POLDIP2,13,-2.1646153189275847,-2.963571936896914,34
TMEM258,FEN1,77,-0.40269312025989806,-0.7394416688688407,22
TPR,ODR4,292,-1.0759898697583878,0.08297788297041804,93
TRAPPC11,RWDD4,64,0.07117829750050253,-0.8670355124882433,237
TRIAP1,GATC,29,-0.5153313014158529,-1.2646152032762856,36
TRMT112,PRDX5,109,-1.3073518492842826,-3.0607940857420695,63
TRMT6,MCM8,799,-2.214451711592601,-4.444980652327751,40
TSEN34,MBOAT7,1418,-0.22726110644047484,-0.14119602867329156,68
TTI1,RPRD1B,53,-0.20902650005532955,-0.9170027582965663,37
TUBB,MDC1,127,0.10124117144810862,-0.5844158680502257,97
TXNL4A,RBFA,440,-0.21871064059827977,-0.2231616312436525,17
TXNL4B,DHX38,818,-0.6358733642795115,-0.3210078488025647,75
UBA3,ARL6IP5,4377,-1.0351656146615447,-0.5770175024274594,16
UBE2D3,CISD2,549,-0.2662609447646404,-0.14286311449119465,34
UBE2M,CHMP2A,3857,-0.09052896555667655,0.1285074226178367,74
UBQLN4,LAMTOR2,102,-0.07753559978411603,0.4831556044416298,76
UCHL5,RO60,658,-1.5699500841118674,-1.9968950058229438,36
UNC50,COA5,368,-0.4999089478883257,-0.7946226340530828,18
UQCRH,LRRC41,2730,-0.20000343886028582,-0.5602694154971523,19
USP37,CNOT9,193,-0.5878095314079141,-2.33957227082669,50
USP5,CDCA3,255,-0.10538985534524672,-1.2320676054806063,98
UTP23,EIF3H,433,-0.6587402061747915,-0.8622963458001984,88
VMP1,PTRH2,446,-0.20491424114898552,-0.80897978534925,25
VPS35,ORC6,217,-0.9725124163232671,-0.7506358968479658,102
VPS37A,CNOT7,830,-0.8681616576619618,-0.7892082789558844,31
WDR12,NBEAL1,190,-0.3283681801192605,-0.2358305431759003,110
WDR25,WARS,387,-0.8952955054479795,-4.0764762984094505,21
WDR4,NDUFV3,61,-0.14465004808595355,-0.20974363566270793,108
WDR46,PFDN6,843,-0.665814258821193,-1.1555933919321928,92
WDR7,TXNL1,352,-0.1202164995001083,-0.8623606517707361,23
WDR77,ATP5PB,1186,-1.0263474914632573,-0.7127544784962703,50
WDR92,PNO1,261,-0.4216995266650696,-1.3278365940728594,15
XAB2,PET100,138,-0.003932966291651634,-0.7664325435229061,18
XRCC6,DESI1,303,-0.3648773311973077,1.6072220384912316e-06,43
YRDC,C1orf122,1237,0.24381521664900768,-0.29166618975719966,96
ZBTB4,POLR2A,88,-0.3363338741065356,-1.1672802748697324,24
ZC3H4,SAE1,502,-0.21850141875126994,-0.6801691012747486,60
ZMAT5,UQCR10,268,-0.8659962472515538,-0.7218697628115058,30
ZNF207,C17orf75,99,0.398977426390492,0.4568023112841393,86
