target,pathway,mean_r,median_r,mean_delta_r,min_delta_r,positive_contexts,mean_delta_sign
USP18,IFNB,0.6385950821110056,0.6434057607202701,0.8815346751539188,0.7499789879309107,6,0.315
STAT2,IFNB,0.6992376035051208,0.7081553965083021,0.438054559508092,0.3366608056275065,6,0.6333333333333333
IFNGR2,IFNG,0.599019113419354,0.6009717690022602,0.4349828418324145,0.3778100777958184,6,0.3033333333333333
TYK2,IFNB,0.6616268768506745,0.6749244506578811,0.4022720140249813,0.32987713235376936,6,0.40499999999999997
IFNGR1,IFNG,0.539568028258854,0.5439546961891706,0.39195137992387125,0.33967715652229974,6,0.31999999999999995
IFNAR2,IFNB,0.6389014309844645,0.6724435778382278,0.37800125649297206,0.252072159410049,6,0.3283333333333333
JAK2,IFNG,0.4785266741919161,0.502194390275567,0.3446820009768839,0.2393322641925293,6,0.21166666666666667
IFNAR1,IFNB,0.6148642221403727,0.6032045844485465,0.3442200325340634,0.2474643909041504,6,0.4716666666666667
STAT1,IFNG,0.45858504818620854,0.494101803101485,0.3406075225929575,0.1759080937316997,6,0.17333333333333334
JAK1,IFNG,0.4318411302091083,0.43143418874556005,0.29758703633296746,0.14510501532797668,6,0.155
ADAR,IFNB,0.2661183316633733,0.3022808529305131,0.26065149559835044,-0.0174352550135329,5,0.044999999999999964
CREB1,TNFA,0.24734701528265626,0.24405617656952416,0.23465356045119964,0.11859244391192938,6,0.09333333333333334
TNFRSF1A,TNFA,0.24934379707588106,0.28406071467961,0.20838182449774936,0.05233219543133889,6,0.08666666666666671
MTF1,TNFA,0.21726593053610777,0.2095692044330013,0.20668122386485277,0.12293916669448489,6,0.07
JAK1,IFNB,0.4106217424093961,0.44044556790079276,0.2030856273321583,0.10349120230450429,6,0.065
MED15,TGFB1,0.1867241532758336,0.1842890273401403,0.19027200223473292,0.0635308425977499,6,0.08166666666666665
CHUK,TNFA,0.2127666346274921,0.223022749771015,0.18372668761559185,0.0667263177171698,6,0.09166666666666667
TSC1,INS,0.22709964965958582,0.2484062446279057,0.15893311007264915,0.0993122284071051,6,-0.001666666666666668
SREBF2,INS,0.11007107591425946,0.09281918122955124,0.158868309222563,0.012219976381071602,6,0.026666666666666682
MAPK14,TNFA,0.17798849938200534,0.158055257696433,0.1396747587283527,0.062127555357858404,6,0.15999999999999995
TRAF3,TNFA,0.13950156992025062,0.14200680175182234,0.1373940369570224,-0.1212500176700784,5,0.08666666666666667
MAP3K7,TNFA,0.1670265730651017,0.1583456581009913,0.12346367920336715,0.0466399017019745,6,0.05833333333333334
TSC2,INS,0.1597997877263232,0.14863836486623636,0.12032337547006434,0.030581346660774097,6,0.0050000000000000044
STAT1,IFNB,0.2721279496562078,0.3091164393905092,0.11951381017990015,0.0374886666750713,6,0.06166666666666663
ZC3H3,IFNG,0.1625483469379125,0.14568218443213998,0.11307265206107064,0.042136783691856194,6,0.065
KLF6,TNFA,0.15459833511535606,0.16239465102936265,0.11214702520328872,0.052653664851771906,6,0.13999999999999999
SOX4,TNFA,0.06253795855077933,0.0635512862758038,0.10729408066962343,0.006879142265792899,6,0.011666666666666678
SP1,INS,0.128201868455842,0.1363706774286672,0.10087877073919155,0.0570495402685091,6,0.003333333333333336
SREBF1,INS,0.08722268122433745,0.08863204844164554,0.09916380731897056,0.0629900299200723,6,0.00999999999999999
SRF,INS,0.16152220443528612,0.18304839695698838,0.09667105204391913,0.0022487637909702008,6,0.0050000000000000044
MAPK14,IFNB,0.10394730302276171,0.10960197330750385,0.09428071051920978,-0.010133022513176895,4,0.001666666666666668
MTOR,TNFA,0.08921020880212083,0.09704628538331264,0.09225772724277785,0.0014204997158205,6,0.16
DTX3L,IFNB,0.1113767637106876,0.10875509391804669,0.08971846219937141,0.010871611325333097,6,0.0016666666666666312
MAP2K3,TNFA,0.12038686663647696,0.07700795501696969,0.0886570677314108,-0.00032951908038170163,5,0.04666666666666663
IRF9,IFNB,0.22830227092746158,0.2108879634786151,0.08766255484770996,0.0344639683024553,6,0.03833333333333334
TGFBR1,TGFB1,0.0932731151121976,0.08278185667983426,0.08034024171866025,0.007316209963579399,6,0.03833333333333335
TGIF1,TGFB1,0.08211677070924166,0.0760972680557554,0.07844431392551185,0.0329163412729329,6,0.004999999999999972
IKBKB,TNFA,0.08678856990132083,0.08585620522066026,0.07689113299663282,0.015611286485496501,6,0.003333333333333327
NFKBIE,TNFA,0.07492846436515889,0.05836585277097775,0.07387411100392209,-0.0008590699874353007,5,0.02999999999999998
DRAP1,IFNB,0.08622031280837361,0.08032208555007155,0.07066728110514524,0.0020390586307022923,6,0.014999999999999994
TGFBR2,TGFB1,0.07423862119933221,0.07724004965761795,0.06649239999296963,-0.0196926422917312,5,0.04666666666666667
ZFP36L1,TNFA,0.061728514805962115,0.0566628624679278,0.06616252815417385,0.0220243841535216,6,0.010000000000000009
TAF3,INS,0.09360934609585932,0.0875367880111924,0.06607281297687577,-0.014785051696589203,5,0.0
KRAS,TGFB1,0.06663822696683801,0.06229165250091445,0.06606990367113845,0.00027357386808209844,6,0.014999999999999994
IRF1,IFNG,0.12121495009271939,0.1180349614496637,0.0653883102112033,0.005256080255592301,6,0.040000000000000015
IGF2,INS,0.05704620424365423,0.0549427449905103,0.0637382813771149,0.000844120069599906,6,-0.001666666666666668
DR1,INS,0.1160782201555171,0.14729414469881735,0.06294346000208671,0.0274296662759159,6,-0.003333333333333318
SP1,TGFB1,0.0855067779479066,0.1072445904502781,0.06253763658468849,0.0282244338126598,6,0.11499999999999998
PIK3CA,TNFA,0.07534351090742011,0.0637082785768102,0.06007105079982263,-0.021790380366751797,5,0.013333333333333364
JUN,TNFA,0.07613742408384198,0.08783008138873455,0.05788269222583243,-0.0228621328875089,5,-0.011666666666666686
TRAF2,TNFA,0.06268762573665408,0.0545419173253873,0.057703414390052436,-0.09547263758448091,5,0.053333333333333316
CREBBP,TGFB1,0.08038024287797477,0.0768686869040846,0.055447048178376306,0.015200360859872999,6,-0.011666666666666653
IRF1,TNFA,0.0711633367718335,0.07470410192080834,0.05494070050485373,-0.0370293760281368,5,0.010000000000000009
SOCS1,IFNB,0.014861304543621232,0.01636812603950125,0.0542030866563109,0.0013398763226506998,6,0.08
MAPK14,TGFB1,0.08536812421482065,0.08712007451453435,0.0537637696801799,0.010879823063247702,6,0.07000000000000002
MAP3K14,TNFA,0.062301094665869465,0.06535112632690984,0.04967346914963713,-0.00022626077647959833,5,0.013333333333333345
FADD,TNFA,0.04099394207126674,0.0345457201186168,0.046057815748855035,-0.21324619737470218,4,-0.06333333333333331
NFKB1,TNFA,0.06154526707025159,0.06467003780040101,0.04598260953581302,-0.0376746839958711,5,0.023333333333333355
PTGS2,TNFA,0.020841528103654184,0.02266154894748245,0.04510420196915573,-0.0079346855265223,5,0.024999999999999977
MAPK1,INS,0.07926344282436897,0.08456707135802645,0.04321160545946034,-0.0298891724082595,5,0.011666666666666695
IRF1,IFNB,0.12081691289839287,0.1252569728913694,0.04232741532015125,-0.006586876118292506,5,-0.004999999999999986
ELK1,INS,0.07226148270748645,0.06687132098160005,0.04217118288837358,0.0028900847635879995,6,0.01833333333333333
IRF2,IFNG,0.05595738726007584,0.0418442509865365,0.04205516936039216,-0.019619779865176098,4,0.02833333333333334
SMURF1,TGFB1,0.05639218898829906,0.07085264217802134,0.04093371341452435,-0.0056196523085654,4,0.023333333333333317
PTEN,INS,0.04483522684069252,0.053255596770259955,0.04039502122204618,-0.035919889777383,5,0.0
SMAD2,TGFB1,0.06067212190277734,0.0644662237991636,0.04008767360450199,0.014222499706426597,6,-9.25185853854297e-18
JUN,IFNB,0.057756783527192296,0.05464028887530195,0.0393802549598176,0.0032009234521683007,6,0.001666666666666668
NFKBIA,TNFA,0.041819326484641796,0.0347693018957952,0.03868781846998603,-0.026506530458581902,5,0.023333333333333327
MAP3K7,TGFB1,0.0828291380240705,0.08232621582655475,0.03852389622898352,0.007957325868272795,6,0.001666666666666668
ARID5B,TNFA,0.07693159617084305,0.06283145289270965,0.03801953387396122,-0.0104474925107177,5,-0.041666666666666664
RELB,TNFA,0.05098751529674992,0.056273407014488054,0.037714110045968884,-0.00014728822568309957,5,-0.001666666666666668
RUNX2,TGFB1,0.04895947861979299,0.04524646323029055,0.03764659908829419,0.0126175268018075,6,0.04666666666666666
PDCD5,TNFA,0.0506346525699617,0.06124255289422985,0.03741734364295858,0.012002317903783102,6,0.02166666666666665
MYC,TNFA,0.05305542149381907,0.05877826068165795,0.03717141718508372,-0.037630130828071394,5,0.01666666666666668
HSF1,INS,0.07818598686735036,0.06808718429732541,0.036830882769324204,-0.040720532730361504,5,0.006666666666666691
IRF7,TGFB1,0.06292682066844872,0.0499417473830309,0.03515998862920348,0.007508680869632502,6,0.011666666666666678
KIN,IFNG,0.050112527790297096,0.055622832285137494,0.034924438976040445,-0.0446007253939579,4,-0.014999999999999994
IRS4,INS,0.05295638276089692,0.051481842531088604,0.034168793926061314,0.005586729809800302,6,-0.0016666666666666496
SMARCE1,INS,0.07171098927915824,0.07013943143241315,0.034060537794667826,0.0025763830402816996,6,-0.075
CSF1,TNFA,0.028959293761503597,0.0289257303539195,0.03383474827487647,0.013800137086530198,6,-0.02666666666666666
ELK1,IFNB,0.0392209169094041,0.06428461755429715,0.0335342899627678,-0.1328372007872263,5,0.03666666666666666
MAPK9,TNFA,0.035676448835973235,0.03003771045732385,0.03332744406667495,-0.011806485739632198,5,-0.033333333333333354
RAPGEF1,IFNB,0.016449358227686884,0.0243686685327237,0.03205178240695792,-0.0707179867017211,4,-0.04
JUNB,TNFA,0.033713469133130065,0.03017748701745855,0.0319125169821941,-0.030924572922619596,5,0.011666666666666678
EIF2B1,INS,0.07045664784207291,0.0636964375132704,0.0314221405167092,0.013649665128219,6,0.011666666666666659
SP100,IFNG,0.052544151065435835,0.0361884223472122,0.03134753582905623,-0.023354301497427402,5,0.0
MTOR,INS,0.06108618518946243,0.05193694938898915,0.03134021718850902,0.014624166331062803,6,-0.07500000000000001
SMARCA5,IFNB,0.0414784602818936,0.046201825400747354,0.030345995677831583,-0.0839914902657939,5,-0.006666666666666672
MYC,TGFB1,0.03118762758839035,0.024940719136789448,0.0301942712237923,0.011101693092787298,6,-0.008333333333333323
TAPBPL,IFNG,0.0321979203011342,0.031519656548661346,0.029513308080885082,0.004389372523138202,6,0.004999999999999986
CRKL,IFNB,0.026809121233768583,0.02624169879201005,0.02895688504299583,-0.0392515679212175,5,-0.09333333333333332
MAPK3,TGFB1,0.0354174649152066,0.03478554296760045,0.028280771107695,-0.0018464269078476009,5,-0.011666666666666659
ITCH,TNFA,0.03713610773920623,0.03057928327006125,0.02807114909749041,-0.025319255407591203,5,-0.011666666666666695
ATF3,IFNG,0.03858797602460839,0.03786569755027315,0.027340939831000766,0.0019949304391207005,6,-0.056666666666666664
ZNF593,INS,0.03192038909821638,0.0292264022911189,0.02713828191947847,-0.06322269978049169,5,0.0
TRAFD1,IFNG,0.05174396384886232,0.06047022623281739,0.02708401086870432,-0.0050276391295821996,5,0.01833333333333335
RPS6KB1,INS,0.04825719848989938,0.048623462042780105,0.026559240904720782,-0.0054298714755671995,4,0.0050000000000000044
BATF,TNFA,0.02369371887132468,0.0253394264307031,0.024932792807238032,-0.029637569751194304,4,-0.0016666666666666403
NKX3-1,TNFA,0.03427702745077305,0.035443866636045804,0.02469173338676843,-0.024940434388771603,5,-0.003333333333333336
TRAF1,TNFA,0.03938899664727785,0.044082243510771904,0.023367836789251833,-0.01375247423376641,5,-0.015000000000000005
HRAS,TGFB1,0.05099826280210184,0.05512544511018795,0.022719337749253388,-0.0037207060745893944,5,0.006666666666666672
TRIM22,IFNB,0.03445264784502913,0.032235754824020454,0.02252030362758932,-0.0220700948904336,5,0.0050000000000000044
MAP3K14,IFNB,0.03502233151764325,0.0311728380111584,0.02209468460204007,-0.0546413920814561,5,-0.003333333333333318
SMAD1,TGFB1,0.04915599592022448,0.05412755162310395,0.0218286725072612,-0.007012016741254699,5,0.021666666666666685
JUN,IFNG,0.044876593182674805,0.0422661736584045,0.021376280335202117,-0.013744315770685897,4,0.01999999999999998
GRB2,INS,-0.008589049822470501,-0.0009527739330760499,0.021187234872751787,-0.053406299785556395,5,-0.013333333333333345
TGFBR3,TGFB1,0.0556328804027711,0.062090789064015994,0.02100124528678815,-0.015892872697981703,5,-0.023333333333333317
GRB10,INS,0.0222186623415954,0.015878320663687148,0.020992254329971514,-0.01698280510057,4,0.0
NRAS,TGFB1,0.042305953359664895,0.04492180135896285,0.020398833066320097,-0.011888365195015599,5,0.001666666666666668
RAF1,TGFB1,0.026627876442311585,0.0241213383904473,0.02022591245350085,0.003321915084482898,6,0.016666666666666646
ETS1,IFNB,0.05772032578908204,0.0688169952515386,0.020048626286921684,-0.0463099418282635,5,0.001666666666666668
IRS1,INS,0.052247202032834596,0.05999676261292215,0.01934925325092673,-0.05667477266848921,4,-0.001666666666666668
PIK3CA,TGFB1,0.023391172063531817,0.02625755538172575,0.019325463160744884,-0.0035657045423464,5,-0.04833333333333333
SMAD7,TGFB1,0.04723486296720317,0.043429395155338946,0.019202705089994433,-0.0006391517528970964,5,0.006666666666666672
ZNF267,TNFA,0.05014987725238109,0.04545991679495475,0.019098055757341147,-0.005374896949276602,5,-0.003333333333333336
DNM1L,TNFA,0.01902302005239375,0.0214081405561911,0.018570930765917166,-0.0263732384299563,4,-0.07333333333333335
BRD9,IFNB,0.015340566121963032,0.015455125150128899,0.018542871501486684,0.0005001181155334005,6,-0.001666666666666668
ETS2,IFNB,0.05461444040410316,0.07160882070720395,0.018300268187094168,-0.012976347251348795,5,0.0
SMURF2,TGFB1,0.0364904449025391,0.029114493464127797,0.01829302970366805,-0.0259185298291143,5,0.006666666666666672
RBX1,TGFB1,0.017207821247049667,0.0198939233578957,0.018286693174179185,-0.003973769291172699,5,0.00333333333333329
PARP12,IFNB,0.04031992363143661,0.0440505781547474,0.018220016798206933,-0.0029247814724209995,5,0.010000000000000009
SP110,IFNB,0.02013391392531622,0.0173962821482159,0.018143888086450316,-0.0039785065363813,4,0.004999999999999986
SRC,IFNG,0.04167035973611197,0.04121197620578505,0.018009591113366547,-0.023179660740999003,3,0.013333333333333336
SGK1,INS,0.02553232056670922,0.018988086234990098,0.0176986810422074,-0.029720686149016802,4,0.0
HDAC4,TGFB1,0.02963538898483692,0.02060924288668075,0.017682799776668267,-0.011019077695571602,4,-0.020000000000000007
RPS6KB1,TGFB1,0.03561724147253018,0.0402929127692262,0.017352774956379033,-0.0016662439989310997,4,0.03833333333333334
NFKB1,TGFB1,0.021388162667084817,0.025091476178407,0.01648744341133123,-0.0136909261904117,5,0.04333333333333334
IKBKG,TNFA,0.028844149410141837,0.042376874843966,0.015575005359985452,-0.0021706684037077,5,-0.03499999999999998
PIK3CA,IFNG,0.0458940946528669,0.046441072642386755,0.015570239744709584,0.0033807317603489987,6,-0.033333333333333354
NFKB1,IFNG,0.0226851913661934,0.018980059951153802,0.015270325777936349,-0.0235511570148746,4,0.016666666666666705
BIRC2,TNFA,0.017515793137725534,0.017343173662059,0.01496472079225305,-0.020846361365173302,5,-0.013333333333333336
MMP9,TNFA,-0.00013763073505294963,0.00322557761867945,0.014750455325147483,-0.005108204594699699,4,0.003333333333333336
PAK1,TGFB1,0.05140171300203777,0.0496741457301335,0.014172469554181099,0.0027871285865539996,6,-0.003333333333333336
MAPK8,TNFA,0.020475527437968214,0.0163382483722943,0.013908407482502232,-0.016844458636556,5,-0.003333333333333336
CHUK,TGFB1,0.023702404200210317,0.01526715826692425,0.013649691082975368,-0.0216422234767407,4,0.021666666666666685
ZNF267,IFNG,0.020816355987985032,0.0216250088191194,0.013342522981988084,-0.023337392813086597,4,0.0033333333333333457
TRAFD1,IFNB,0.002044729206303733,-0.01137803787955925,0.013019847496712816,-0.0303136258899413,3,0.03000000000000001
SOX2,IFNG,0.008437875645263134,0.00806877767925905,0.012258503511866201,-0.0465069072834697,5,-0.065
XBP1,INS,0.01300786253878517,0.01004217412603525,0.012109935531068284,-0.0403267393858582,3,0.24833333333333332
TSC22D1,IFNG,0.0119939691470113,0.005477788143303051,0.011961717300317984,-0.0075922824806306,4,0.07333333333333335
CEBPG,IFNB,0.03865416274014021,0.0350266790774346,0.011866154208473418,-0.06927753644354409,3,0.0050000000000000044
IKBKB,TGFB1,0.0239827150628628,0.022698983985902248,0.011600921409570183,-0.011200325794435001,5,-0.054999999999999966
ATF2,TGFB1,0.03817201123826302,0.03679819136205935,0.011093955680231185,-0.0184707211057288,4,-0.00999999999999999
PPP2CA,TGFB1,0.0220901772165643,0.03287812783183405,0.010941062613469032,-0.0429628561829373,4,0.013333333333333327
FOXM1,INS,0.0477334298744816,0.0385798293024409,0.010647526457273166,-0.0903029091288861,5,0.03166666666666665
HDAC5,TGFB1,0.03432766631172863,0.0393211679779202,0.010624487360813934,-0.0195182230470373,5,-0.03
ID2,IFNB,0.015247370135712715,0.01496309964845375,0.010151931592876367,-0.0282187009714524,3,0.003333333333333336
RNF114,IFNB,0.032407057768825735,0.03225059560977675,0.01002884508216225,-0.0387614063159098,5,0.006666666666666672
ID2,TNFA,0.04642963590465585,0.034567369615812596,0.009828096551782833,-0.048264526255090895,5,-0.010000000000000009
CASP10,TNFA,0.0161811483704918,0.0157634636824769,0.009666869709389283,-0.0295025978308598,3,0.04666666666666669
PTPN11,IFNG,0.0327799277698232,0.0226884376001624,0.009658133582174766,-0.0073141824796566016,4,-1.850371707708594e-17
PRDM1,IFNG,0.012780323545729019,0.01106311679929115,0.009097228984547815,-0.0236459397701634,4,-0.0050000000000000044
MYC,IFNG,0.0348270980050199,0.0338311622653229,0.009058818012371416,-0.008709214757930302,5,0.005000000000000032
STAT3,IFNB,0.012927577665686618,0.02063790931909945,0.008972968480085067,-0.0420983916871102,3,-0.001666666666666668
RBL1,TGFB1,0.01961539504061845,0.0172752588401389,0.008692863137800634,-0.011483872282449,3,0.021666666666666685
FOS,TNFA,-0.0027211306120637838,-0.0115180571333398,0.008547570212815483,-0.0159516013248748,5,0.016666666666666646
BIRC3,TNFA,0.025599172960370998,0.02704076068132745,0.00848038916503975,-0.0082689993441472,4,0.031666666666666655
SMAD6,TGFB1,0.015365421295292616,0.01642775583971985,0.008386267097678132,-0.028572375366458604,3,-9.25185853854297e-18
TAF8,INS,0.044151602097745914,0.04536394007151015,0.008289479368422833,-0.0216011373062395,4,1.850371707708594e-17
ZNFX1,IFNB,0.0245236877223175,0.0288077215304537,0.008205208570912134,-0.024407365716089497,3,0.0
EP300,TGFB1,0.016313742525718575,0.020751895637850425,0.00782792570914896,-0.0509571411487852,3,0.021666666666666667
STAT5A,IFNB,0.04237456951603457,0.04018407293334355,0.0071557001393613,-0.026636435119108702,2,0.003333333333333336
MAFF,IFNG,0.0327147299895398,0.03247563406964915,0.0071452929160627995,-0.0627385006684843,5,0.00999999999999999
MAPK8,IFNB,0.030585931390254534,0.03335513968411515,0.007019733444120983,-0.0503108763028553,4,0.0
MAPK1,TGFB1,0.022705726892203234,0.0178088340261501,0.006682488967332499,-0.029644203987599003,4,0.006666666666666654
RUNX3,TGFB1,0.01779830817612325,0.01841312370727385,0.00665721635919285,-0.003864747061582901,4,-0.011666666666666686
NFAT5,TNFA,0.02126295610078027,0.01888214749371855,0.006276192185932149,-0.013464344716741301,3,-0.04499999999999998
SMAD5,TGFB1,0.0048221404565539664,0.0016885692705121502,0.00607655231020575,-0.009817555948969702,4,0.020000000000000028
HERC5,IFNB,0.041276439930417436,0.0499657694172944,0.006027115812656182,-0.0392131989645676,4,-0.003333333333333318
NFE2L3,IFNB,0.041082516112250084,0.043541496796599855,0.0058713628018910655,-0.029513548718328904,4,0.003333333333333318
RAP1GAP,IFNB,0.03422577878321665,0.0393864830365763,0.0055378965709724495,-0.0542809528402004,4,0.0
CHUK,INS,0.038203430328125766,0.0394245603525636,0.005172094408477919,-0.026182453925890796,3,-0.0016666666666666496
AKT1,IFNB,0.034136507813280384,0.02912658936784175,0.0051600264345936005,-0.037962316603681504,4,0.0
EHF,IFNG,0.012190211591463232,0.013534639577788249,0.004969814603222599,-0.021934296589919,4,-0.01166666666666665
CUL1,IFNG,0.03963222286141988,0.037543150408789146,0.004871582182791135,-0.06059712257828129,3,-0.03166666666666664
PRKCA,TGFB1,0.03518868522459172,0.035118223160555545,0.004806710390249716,-0.042019930898093506,3,0.0
PTGES3,IFNG,-0.0020108364727168837,-0.00461828947128155,0.004710550474530166,-0.0410963070159097,4,-0.04833333333333334
MCRS1,IFNG,0.016787238267626885,0.020547045608517098,0.0046703009176411,-0.0224135872697053,3,0.17333333333333334
CEBPE,IFNG,0.0093025276260175,0.009061417150140801,0.004611743136316884,-0.0169785993918184,4,-0.07333333333333333
FOXP2,TGFB1,0.023446288929897918,0.0163882711695519,0.004489272730640032,-0.0323268866281372,3,0.006666666666666654
CEBPB,IFNG,0.0386887030655403,0.03211576273518955,0.003864953168002933,-0.0348858789243807,3,0.07
CLK1,IFNG,0.016051012545868267,0.0099580022918728,0.003609985967961233,-0.0434150285766679,3,-0.01833333333333333
IRS2,INS,0.008602308573153616,0.0026512191232497,0.003310645914060953,-0.0910035908011993,3,0.0
TRIM21,IFNB,0.005690036903932,0.010150211165343051,0.003046417511033135,-0.07696980655714039,3,0.17
ID3,IFNB,0.009178483365314067,0.00757738637554445,0.0026310761417701147,-0.09250944712707801,3,-0.01666666666666668
COPS4,INS,0.004403697012645084,0.005151194847415,0.0025938687989453843,-0.055356785951809095,3,-0.016666666666666663
AKT1,TGFB1,0.02863989507468773,0.03337529291189625,0.0025355333219997493,-0.0466083725616394,5,0.008333333333333323
SMAD9,TGFB1,0.023856579650688003,0.0125567627490885,0.002148624761198085,-0.049107467066620294,3,0.03000000000000001
CASP7,TNFA,0.024984343972938947,0.0169971532414579,0.002097870201659951,-0.0256932342269297,3,-0.003333333333333336
SOX9,TNFA,-0.007481537692987369,0.0110697609952513,0.002027940726513166,-0.06559262146462891,3,-0.05833333333333334
MAFB,IFNG,0.01596161354366647,0.01301645458119435,0.001614513840041717,-0.0178247572294384,4,0.00833333333333334
HES4,IFNB,0.02462733659648007,0.03299974874111185,0.0015856243930600829,-0.0345630718382022,3,-0.001666666666666668
IKBKB,INS,0.00427962479180585,0.00698853450459925,0.0012864406850568004,-0.0854361189603487,4,-0.02833333333333334
HLX,IFNG,-0.0006600782872563836,0.0032593535397571005,0.0011208508480640338,-0.0576253470843658,5,-0.026666666666666644
CEBPB,TNFA,0.01306396212953355,-0.001481171652192,0.0009927274411292198,-0.0721076810886576,4,0.0
PARP12,IFNG,0.009248222991282133,0.00838893910939105,0.0007140775448263673,-0.049327888102257196,4,0.014999999999999977
CASP8,TNFA,-0.016489516712254917,-0.0129862462153037,0.000428834512600583,-0.0476957091009197,2,0.011666666666666667
INSR,INS,0.004348204639158166,0.0070683759638353,5.0435927673549964e-05,-0.0269061844757782,3,0.0
RFX5,IFNG,0.005701233354914216,0.010320560498399701,-0.0002555119196501167,-0.018658733725404202,4,0.01833333333333334
PIK3CA,INS,0.026355346776163368,0.04142836115135545,-0.0006198145393388326,-0.0477606778567007,2,-0.0050000000000000044
FMNL2,IFNG,0.013040790922457466,0.01495508895037445,-0.0006730009744808837,-0.0341829913611289,4,0.010000000000000018
RHOA,TGFB1,-0.0037334520269516505,0.00017185579902524901,-0.0007692332403691817,-0.0544745414491596,4,0.038333333333333296
STAT6,IFNB,0.0200932026046805,0.022029624744666697,-0.0009301249587837836,-0.034576569983739,3,0.0016666666666666496
CUL1,TGFB1,0.013001765134561,0.011584000641389449,-0.000996395190859367,-0.0310684581123353,2,-0.04500000000000002
TBX21,IFNG,0.009051072445035084,0.0017746463087180999,-0.001405755044808315,-0.056813063538667,3,0.013333333333333327
POU2F1,IFNB,0.03440321773794275,0.0286036557949454,-0.0014331572829240334,-0.043832274317247996,3,-0.0066666666666666445
RELA,TGFB1,0.00907090083496785,0.0037215649044626,-0.0019751619018429,-0.0167119992877495,3,-0.0016666666666666774
RUNX1,TGFB1,0.022835286495862,0.02287655682978115,-0.002806274541516333,-0.0348110558341682,4,-0.0033333333333333457
CASP3,TNFA,0.012466907719074867,0.0036508672781522004,-0.00289941044881265,-0.0398795246655196,4,0.01999999999999999
CEBPB,IFNB,0.025028455067681584,0.02239456578759015,-0.002965537568328101,-0.0412447712588513,3,0.004999999999999981
SMAD3,TGFB1,0.0041918624816242,0.00922987015920735,-0.002977948723014817,-0.0263213667405588,4,-0.020000000000000018
ZFP36,IFNG,0.006959137522018884,0.0073188399022694,-0.004388494383353917,-0.0301020359924192,2,-0.001666666666666668
STAT3,IFNG,-0.01021532928938105,-0.0163542944327858,-0.004503237545377699,-0.0483555982367758,3,-0.041666666666666685
HERC6,IFNB,0.029126417632486367,0.0291362553822792,-0.004531825994691434,-0.0679334792835158,3,-0.06166666666666668
MAPK3,INS,0.01014802552451695,0.013500193361704299,-0.004923455841462151,-0.030171941973298103,2,-0.001666666666666668
KLF4,IFNG,-0.007367581078840499,-0.0070741850189325,-0.005139141423601583,-0.047504441482970505,2,-0.043333333333333314
TNFRSF1B,TNFA,-0.029851420672202016,-0.03109893634375885,-0.005648468477771384,-0.021147709764828798,2,-0.003333333333333336
FOXO1,INS,0.0045495327286525005,0.00568760567265505,-0.006019214821157801,-0.0729686705754777,3,0.0
FBXO6,IFNG,0.0061414233961772325,0.016851009509398447,-0.006188560197682334,-0.0503737723618757,2,-0.015000000000000022
IFI16,IFNB,0.022484568150261185,0.0168533195675657,-0.007047217507753434,-0.0356519771422988,2,-0.06666666666666667
BATF2,IFNG,-0.013763987889392967,-0.014438151857417649,-0.0072335482338025175,-0.043278168497063105,1,0.00833333333333336
BATF2,IFNB,0.0004259684038364168,0.0013732392196753995,-0.007271561216895982,-0.0646252824346848,2,0.0
PLEK,IFNG,0.0035726411032232165,0.005557576514943249,-0.007478002282324432,-0.088895200977167,3,-0.031666666666666655
SKP1,TGFB1,-0.0027466953416119834,0.00036865031604890004,-0.0076613004483966326,-0.0420303299031773,3,-0.045000000000000005
RUNX1,IFNG,-0.008557556867892634,-0.0089010214782081,-0.007671272921540034,-0.0326248636049956,3,-0.005000000000000023
TTF1,INS,-0.03277990774884793,-0.0314594706052114,-0.007683619600859133,-0.10407712165786301,3,-0.12166666666666666
POLR2G,INS,0.0019556552933409,0.0055304325324955,-0.007737115189595917,-0.12008260196844911,3,-0.13166666666666668
SMAD4,TGFB1,-0.0005255325496951168,-0.0045707130243622,-0.00793426433874017,-0.06368129721990351,3,-0.054999999999999986
NFKB1,IFNB,0.0038492891435735165,0.00529490593274135,-0.008732956639271768,-0.038563630800468304,2,-0.001666666666666668
TAF7,INS,-0.0046948992279884005,0.0008079360660152501,-0.01023619916320975,-0.042946466884794,3,-0.001666666666666668
IRF5,IFNG,-0.005368092239180367,-0.01372422894031175,-0.010611988064406552,-0.0555966502617351,2,0.013333333333333345
RARRES3,IFNG,0.0009962448425780504,0.0091150855468889,-0.010618388726736266,-0.0728605788189534,3,-0.07666666666666665
POLR2L,INS,0.018849062806253633,0.007024967462787151,-0.011256473577986351,-0.0270507819637793,1,-0.18499999999999997
IFI16,IFNG,-0.012553887042554649,-0.0159000072895168,-0.011447451680416018,-0.0454802851215403,3,-0.05166666666666667
ATF5,IFNG,0.005241545291129667,-0.0003584453121718,-0.01147819284102298,-0.046373183666401294,2,0.003333333333333318
GUK1,IFNG,0.017278888783413535,0.01645503569014755,-0.011610973590183536,-0.0869670071954,3,0.030000000000000027
MEF2A,IFNB,-0.008065862032664583,-0.0063291794180668996,-0.011757240103439917,-0.0442675806049301,2,-1.850371707708594e-17
ZNF22,TNFA,-0.008705610989056317,-0.012961835713850699,-0.012336141985133733,-0.0461780658646908,1,0.011666666666666678
SP110,IFNG,0.008840357212218717,0.01739920122401,-0.012497664333605033,-0.0456053886356621,2,-0.020000000000000018
SP100,IFNB,0.030455205859878483,0.024178249498646,-0.012865340326317717,-0.054833297954215494,2,0.0
ETV7,IFNG,-0.009671546748924583,-0.007628279412199349,-0.013917609611845017,-0.0502429194199055,1,-0.03
RNF14,IFNG,0.0031899856803593,0.0039709725057284,-0.014390118287564965,-0.09988661593083299,4,0.024999999999999984
IRF7,IFNB,0.005502407145172549,0.0135658154170979,-0.014390446919184232,-0.0595362880375013,2,0.003333333333333336
PPARG,IFNG,0.00603165047171125,0.0003671775850556,-0.0145356956006937,-0.0907408438410773,3,0.024999999999999984
REPIN1,TNFA,-0.024690074303775,-0.02933262919514415,-0.014798955334989934,-0.0643599056997815,2,0.0
FOS,INS,0.001787948840241433,0.0068557824691809505,-0.014937066036785669,-0.0344499068993331,1,-0.00999999999999999
FOS,IFNB,-0.007425819279546199,-0.00242240615205955,-0.015102691871379236,-0.0906097657034173,2,-0.11833333333333333
FOXO4,INS,0.01957904235428865,0.01748319364952215,-0.015461798474498453,-0.0584729656456201,2,0.0
IRF7,IFNG,-0.018618987643505634,-0.016901562734889,-0.015642221545857284,-0.0410859897224104,1,0.025000000000000012
ZNFX1,IFNG,-0.011086826473468417,-0.0065669355163276,-0.015927977097138318,-0.0305857318976323,1,-0.040000000000000015
STAT4,IFNB,-0.011228211600261934,-0.01393124188512275,-0.016031845655411683,-0.032770554321072995,1,-0.001666666666666668
MYC,IFNB,0.0013701545847116837,0.0019628135927498,-0.016075562704185815,-0.07748687863918749,3,0.0
SHC1,INS,-0.0065391453843547985,-0.00301098033884825,-0.016469406918546033,-0.0997998969439251,3,-0.001666666666666668
VAV1,IFNB,0.014507675807503,0.017880244592927648,-0.016710813370872116,-0.03532374511582981,0,0.0
FOXN3,IFNG,3.0503985852983462e-05,0.0033307307592348495,-0.017055482586041483,-0.0782651931038008,1,0.005000000000000014
IRF3,IFNB,-0.013649595742012568,-0.00929097793273795,-0.01744116170812003,-0.0649033682831294,1,-0.049999999999999996
CSF2,TNFA,-0.021464265232235533,-0.013094047301027499,-0.018192704160511036,-0.058597280375037,3,0.001666666666666668
IKBKE,TNFA,0.022053039734411365,0.02377673708185085,-0.018958329404347798,-0.1082939546997086,3,-0.006666666666666664
FOS,TGFB1,0.012643193385270202,0.009323111246629,-0.019365738550667734,-0.0582911507367451,1,-0.0050000000000000044
ZBP1,IFNB,0.011069594116593251,0.013302768042299951,-0.019440303227779964,-0.0467934563939652,1,-0.0050000000000000044
FOXO3,INS,-0.02451660384110645,-0.025298350723858047,-0.019599094436024183,-0.0535843095496132,1,-0.001666666666666668
STAT2,IFNG,-0.0166974179401974,-0.0248823093388123,-0.019685734276685418,-0.0423187531739658,1,0.02833333333333335
JUN,TGFB1,-0.006908091246340065,0.02075616468446185,-0.020314453857539817,-0.0846706057063644,1,-0.009999999999999981
IRF9,IFNG,0.006080896783178199,0.0020928943680144996,-0.020762270254811917,-0.0642751033884129,1,-0.004999999999999995
H1F0,IFNB,0.007120947861356033,0.01659048614211095,-0.021710886750526712,-0.07683608910262549,1,0.0
TTF2,INS,0.0125972978290431,0.0102799948746104,-0.02450561749698855,-0.0683372645909083,2,-0.03500000000000001
UBE2L6,IFNB,-0.01013421347310055,-0.015684562335561602,-0.02704910177647848,-0.0440783337793758,1,0.0
HLA-DQB1,IFNG,-0.026435658641441484,-0.02720040591900165,-0.027281004538177365,-0.0650720574321875,1,0.03499999999999998
UBA7,IFNB,0.0010290738068979496,0.00785518924271205,-0.028118565178440694,-0.08814257351269489,2,-0.00999999999999999
ID1,IFNB,-0.014892009159360115,-0.0079586806199604,-0.031684755041190366,-0.1146974602788238,1,0.08333333333333333
RAD51,INS,-0.02551887441775592,-0.0237384213206429,-0.03999695762342047,-0.0802279530331921,0,0.003333333333333336
